Store,Product,Date,Predicted_Demand,CI_Lower,CI_Upper
1.0,1,2026-03-06,123.42,61.67,185.16
1.0,1,2026-03-13,123.81,74.56,173.07
1.0,1,2026-03-20,120.28,68.74,171.81
1.0,1,2026-03-27,120.52,93.5,147.55
1.0,2,2026-03-06,244.29,181.84,306.74
1.0,2,2026-03-13,232.96,177.64,288.29
1.0,2,2026-03-20,232.61,177.5,287.72
1.0,2,2026-03-27,215.63,180.96,250.29
1.0,3,2026-03-06,154.43,124.71,184.15
1.0,3,2026-03-13,145.46,92.78,198.14
1.0,3,2026-03-20,144.77,110.03,179.5
1.0,3,2026-03-27,119.45,84.78,154.11
1.0,4,2026-03-06,96.96,66.04,127.87
1.0,4,2026-03-13,99.35,67.15,131.56
1.0,4,2026-03-20,98.36,67.43,129.28
1.0,4,2026-03-27,101.44,71.86,131.02
1.0,5,2026-03-06,81.77,58.69,104.85
1.0,5,2026-03-13,88.3,67.3,109.31
1.0,5,2026-03-20,91.63,67.97,115.29
1.0,5,2026-03-27,91.67,67.44,115.89
1.0,6,2026-03-06,245.56,173.0,318.12
1.0,6,2026-03-13,233.71,177.97,289.45
1.0,6,2026-03-20,234.33,179.32,289.34
1.0,6,2026-03-27,217.53,182.87,252.2
1.0,7,2026-03-06,240.27,177.8,302.74
1.0,7,2026-03-13,228.12,172.79,283.44
1.0,7,2026-03-20,217.82,163.44,272.21
1.0,7,2026-03-27,215.72,181.06,250.39
1.0,8,2026-03-06,296.6,245.24,347.96
1.0,8,2026-03-13,257.81,173.1,342.52
1.0,8,2026-03-20,241.16,187.92,294.39
1.0,8,2026-03-27,242.1,205.0,279.2
1.0,9,2026-03-06,226.1,177.35,274.84
1.0,9,2026-03-13,218.1,164.24,271.96
1.0,9,2026-03-20,217.01,174.01,260.0
1.0,9,2026-03-27,201.89,167.23,236.56
1.0,10,2026-03-06,293.44,224.15,362.73
1.0,10,2026-03-13,239.55,156.84,322.25
1.0,10,2026-03-20,240.93,187.7,294.16
1.0,10,2026-03-27,243.85,206.83,280.88
1.0,11,2026-03-06,266.16,194.41,337.9
1.0,11,2026-03-13,242.44,181.94,302.93
1.0,11,2026-03-20,249.14,191.86,306.42
1.0,11,2026-03-27,232.96,198.29,267.62
1.0,12,2026-03-06,266.72,214.79,318.65
1.0,12,2026-03-13,238.64,156.48,320.8
1.0,12,2026-03-20,242.4,187.28,297.52
1.0,12,2026-03-27,239.22,204.56,273.89
1.0,13,2026-03-06,323.13,226.96,419.31
1.0,13,2026-03-13,284.79,200.08,369.5
1.0,13,2026-03-20,250.5,195.45,305.55
1.0,13,2026-03-27,246.36,209.33,283.38
1.0,14,2026-03-06,248.35,180.49,316.21
1.0,14,2026-03-13,227.68,171.95,283.42
1.0,14,2026-03-20,227.65,171.91,283.38
1.0,14,2026-03-27,215.28,180.62,249.94
1.0,15,2026-03-06,327.75,220.14,435.37
1.0,15,2026-03-13,288.74,204.03,373.45
1.0,15,2026-03-20,281.24,226.19,336.28
1.0,15,2026-03-27,247.0,203.9,290.1
1.0,16,2026-03-06,100.07,65.83,134.3
1.0,16,2026-03-13,104.19,69.79,138.59
1.0,16,2026-03-20,105.19,72.3,138.09
1.0,16,2026-03-27,105.0,71.47,138.53
1.0,17,2026-03-06,140.54,110.09,170.99
1.0,17,2026-03-13,114.17,71.62,156.72
1.0,17,2026-03-20,117.1,82.36,151.83
1.0,17,2026-03-27,118.1,83.28,152.92
1.0,18,2026-03-06,324.46,260.8,388.13
1.0,18,2026-03-13,283.55,198.84,368.26
1.0,18,2026-03-20,250.12,195.07,305.16
1.0,18,2026-03-27,241.85,198.75,284.94
1.0,19,2026-03-06,184.46,142.99,225.93
1.0,19,2026-03-13,185.7,128.38,243.02
1.0,19,2026-03-20,173.11,130.45,215.77
1.0,19,2026-03-27,168.67,134.0,203.33
1.0,20,2026-03-06,217.93,167.11,268.76
1.0,20,2026-03-13,209.66,156.15,263.17
1.0,20,2026-03-20,196.75,133.33,260.17
1.0,20,2026-03-27,185.83,151.16,220.49
1.0,21,2026-03-06,183.24,86.4,280.09
1.0,21,2026-03-13,192.13,137.06,247.19
1.0,21,2026-03-20,181.22,126.62,235.82
1.0,21,2026-03-27,164.23,129.57,198.9
1.0,22,2026-03-06,316.17,254.32,378.02
1.0,22,2026-03-13,261.2,177.78,344.62
1.0,22,2026-03-20,243.02,189.79,296.25
1.0,22,2026-03-27,245.45,203.59,287.32
1.0,23,2026-03-06,109.48,82.49,136.47
1.0,23,2026-03-13,113.73,71.18,156.28
1.0,23,2026-03-20,105.86,72.02,139.7
1.0,23,2026-03-27,107.39,73.47,141.32
1.0,24,2026-03-06,265.48,193.46,337.5
1.0,24,2026-03-13,242.78,187.04,298.52
1.0,24,2026-03-20,238.04,180.66,295.42
1.0,24,2026-03-27,228.87,194.21,263.54
1.0,25,2026-03-06,315.67,256.85,374.5
1.0,25,2026-03-13,268.43,183.72,353.15
1.0,25,2026-03-20,242.97,189.74,296.21
1.0,25,2026-03-27,243.18,206.16,280.21
1.0,26,2026-03-06,223.19,174.36,272.02
1.0,26,2026-03-13,216.35,162.85,269.86
1.0,26,2026-03-20,202.14,159.14,245.14
1.0,26,2026-03-27,183.08,148.41,217.74
1.0,27,2026-03-06,92.25,61.52,122.98
1.0,27,2026-03-13,95.58,66.66,124.5
1.0,27,2026-03-20,96.53,66.65,126.41
1.0,27,2026-03-27,98.53,66.17,130.89
1.0,28,2026-03-06,331.41,261.24,401.58
1.0,28,2026-03-13,290.11,205.4,374.82
1.0,28,2026-03-20,279.83,224.37,335.29
1.0,28,2026-03-27,248.6,205.51,291.7
1.0,29,2026-03-06,281.87,229.46,334.29
1.0,29,2026-03-13,238.65,156.43,320.87
1.0,29,2026-03-20,242.06,188.83,295.29
1.0,29,2026-03-27,240.75,206.09,275.42
1.0,30,2026-03-06,186.22,152.78,219.65
1.0,30,2026-03-13,183.07,127.3,238.84
1.0,30,2026-03-20,171.18,134.18,208.19
1.0,30,2026-03-27,162.3,127.64,196.97
1.0,31,2026-03-06,236.27,170.83,301.7
1.0,31,2026-03-13,230.26,174.52,285.99
1.0,31,2026-03-20,221.51,164.04,278.97
1.0,31,2026-03-27,217.21,182.54,251.87
1.0,32,2026-03-06,209.19,169.02,249.36
1.0,32,2026-03-13,192.29,134.79,249.79
1.0,32,2026-03-20,191.64,148.64,234.63
1.0,32,2026-03-27,165.64,130.98,200.31
1.0,33,2026-03-06,266.15,221.35,310.96
1.0,33,2026-03-13,238.76,156.05,321.46
1.0,33,2026-03-20,242.05,188.82,295.29
1.0,33,2026-03-27,239.9,205.24,274.57
1.0,34,2026-03-06,102.47,65.59,139.35
1.0,34,2026-03-13,104.03,68.64,139.42
1.0,34,2026-03-20,106.37,72.92,139.81
1.0,34,2026-03-27,105.94,72.02,139.86
1.0,35,2026-03-06,264.97,205.76,324.19
1.0,35,2026-03-13,232.88,145.83,319.92
1.0,35,2026-03-20,235.7,178.23,293.16
1.0,35,2026-03-27,231.3,196.64,265.97
1.0,36,2026-03-06,304.75,253.36,356.15
1.0,36,2026-03-13,237.78,154.36,321.21
1.0,36,2026-03-20,241.38,188.15,294.61
1.0,36,2026-03-27,242.53,205.43,279.63
1.0,37,2026-03-06,108.08,79.69,136.48
1.0,37,2026-03-13,111.2,68.65,153.75
1.0,37,2026-03-20,107.68,73.84,141.52
1.0,37,2026-03-27,106.66,73.13,140.19
1.0,38,2026-03-06,318.18,247.95,388.42
1.0,38,2026-03-13,268.03,183.32,352.74
1.0,38,2026-03-20,242.1,188.87,295.34
1.0,38,2026-03-27,243.65,206.63,280.67
1.0,39,2026-03-06,191.13,150.95,231.3
1.0,39,2026-03-13,194.13,136.64,251.63
1.0,39,2026-03-20,193.45,150.45,236.45
1.0,39,2026-03-27,170.02,135.36,204.69
1.0,40,2026-03-06,113.88,84.0,143.76
1.0,40,2026-03-13,113.42,70.87,155.97
1.0,40,2026-03-20,105.46,71.62,139.3
1.0,40,2026-03-27,108.76,74.83,142.68
1.0,41,2026-03-06,126.09,40.91,211.27
1.0,41,2026-03-13,127.33,81.68,172.97
1.0,41,2026-03-20,130.53,81.26,179.79
1.0,41,2026-03-27,123.49,94.94,152.04
1.0,42,2026-03-06,159.41,122.12,196.69
1.0,42,2026-03-13,150.23,97.11,203.36
1.0,42,2026-03-20,140.68,105.94,175.41
1.0,42,2026-03-27,124.86,90.19,159.52
1.0,43,2026-03-06,222.39,171.62,273.15
1.0,43,2026-03-13,219.47,165.85,273.09
1.0,43,2026-03-20,217.47,174.48,260.47
1.0,43,2026-03-27,186.9,152.24,221.56
1.0,44,2026-03-06,119.61,96.57,142.66
1.0,44,2026-03-13,113.0,70.45,155.55
1.0,44,2026-03-20,108.42,74.58,142.26
1.0,44,2026-03-27,108.2,74.28,142.13
1.0,45,2026-03-06,315.97,254.64,377.3
1.0,45,2026-03-13,262.25,177.54,346.97
1.0,45,2026-03-20,243.15,189.92,296.38
1.0,45,2026-03-27,245.22,203.36,287.09
1.0,46,2026-03-06,245.85,175.52,316.19
1.0,46,2026-03-13,226.7,171.21,282.18
1.0,46,2026-03-20,227.74,172.58,282.9
1.0,46,2026-03-27,215.4,180.74,250.07
1.0,47,2026-03-06,93.71,62.83,124.6
1.0,47,2026-03-13,97.02,68.1,125.94
1.0,47,2026-03-20,99.97,69.77,130.17
1.0,47,2026-03-27,99.44,70.48,128.39
1.0,48,2026-03-06,220.47,163.0,277.94
1.0,48,2026-03-13,216.85,162.83,270.86
1.0,48,2026-03-20,215.28,152.38,278.17
1.0,48,2026-03-27,205.77,171.11,240.43
1.0,49,2026-03-06,111.1,83.04,139.15
1.0,49,2026-03-13,113.07,70.52,155.62
1.0,49,2026-03-20,107.03,73.19,140.87
1.0,49,2026-03-27,110.7,76.78,144.63
1.0,50,2026-03-06,261.06,190.53,331.6
1.0,50,2026-03-13,246.9,160.23,333.56
1.0,50,2026-03-20,239.07,181.5,296.65
1.0,50,2026-03-27,240.22,205.56,274.88
2.0,1,2026-03-06,121.59,87.45,155.74
2.0,1,2026-03-13,101.81,59.02,144.61
2.0,1,2026-03-20,111.77,77.85,145.69
2.0,1,2026-03-27,97.15,64.3,130.01
2.0,2,2026-03-06,300.04,216.9,383.18
2.0,2,2026-03-13,236.87,152.87,320.88
2.0,2,2026-03-20,233.64,177.73,289.55
2.0,2,2026-03-27,233.68,199.52,267.84
2.0,3,2026-03-06,218.46,154.82,282.09
2.0,3,2026-03-13,209.43,152.83,266.02
2.0,3,2026-03-20,211.1,155.66,266.54
2.0,3,2026-03-27,206.86,172.7,241.02
2.0,4,2026-03-06,111.59,76.12,147.06
2.0,4,2026-03-13,106.71,63.94,149.48
2.0,4,2026-03-20,104.31,70.79,137.82
2.0,4,2026-03-27,95.85,61.5,130.2
2.0,5,2026-03-06,92.92,58.0,127.84
2.0,5,2026-03-13,89.12,54.02,124.21
2.0,5,2026-03-20,91.45,58.91,123.99
2.0,5,2026-03-27,90.26,57.86,122.67
2.0,6,2026-03-06,312.73,229.38,396.08
2.0,6,2026-03-13,263.77,179.56,347.98
2.0,6,2026-03-20,241.67,187.16,296.18
2.0,6,2026-03-27,240.75,204.06,277.44
2.0,7,2026-03-06,312.19,241.79,382.58
2.0,7,2026-03-13,274.14,189.93,358.35
2.0,7,2026-03-20,240.08,183.77,296.38
2.0,7,2026-03-27,237.05,193.83,280.28
2.0,8,2026-03-06,448.77,354.1,543.44
2.0,8,2026-03-13,284.04,199.48,368.59
2.0,8,2026-03-20,295.21,210.13,380.29
2.0,8,2026-03-27,297.83,242.02,353.64
2.0,9,2026-03-06,281.31,227.49,335.12
2.0,9,2026-03-13,235.68,153.56,317.8
2.0,9,2026-03-20,240.44,184.38,296.5
2.0,9,2026-03-27,249.94,215.78,284.1
2.0,10,2026-03-06,430.29,341.61,518.98
2.0,10,2026-03-13,282.28,197.73,366.84
2.0,10,2026-03-20,282.37,197.8,366.94
2.0,10,2026-03-27,272.18,208.46,335.9
2.0,11,2026-03-06,334.79,227.36,442.21
2.0,11,2026-03-13,284.64,200.09,369.2
2.0,11,2026-03-20,279.56,223.26,335.87
2.0,11,2026-03-27,271.99,228.77,315.22
2.0,12,2026-03-06,300.98,216.63,385.33
2.0,12,2026-03-13,276.79,192.23,361.34
2.0,12,2026-03-20,256.46,198.79,314.14
2.0,12,2026-03-27,243.05,208.89,277.21
2.0,13,2026-03-06,484.87,368.59,601.15
2.0,13,2026-03-13,330.4,245.85,414.95
2.0,13,2026-03-20,302.22,217.13,387.3
2.0,13,2026-03-27,302.21,246.33,358.08
2.0,14,2026-03-06,312.91,232.35,393.47
2.0,14,2026-03-13,268.51,183.95,353.06
2.0,14,2026-03-20,241.55,187.04,296.05
2.0,14,2026-03-27,236.51,194.73,278.29
2.0,15,2026-03-06,485.98,381.91,590.05
2.0,15,2026-03-13,322.18,237.63,406.73
2.0,15,2026-03-20,302.06,216.97,387.14
2.0,15,2026-03-27,297.69,239.2,356.18
2.0,16,2026-03-06,154.07,116.81,191.32
2.0,16,2026-03-13,129.14,86.13,172.15
2.0,16,2026-03-20,135.71,101.31,170.12
2.0,16,2026-03-27,134.72,101.49,167.95
2.0,17,2026-03-06,210.28,172.09,248.48
2.0,17,2026-03-13,195.9,141.02,250.79
2.0,17,2026-03-20,183.34,140.19,226.49
2.0,17,2026-03-27,176.14,141.98,210.29
2.0,18,2026-03-06,457.17,355.58,558.75
2.0,18,2026-03-13,325.62,241.07,410.18
2.0,18,2026-03-20,299.91,214.83,384.99
2.0,18,2026-03-27,302.59,244.1,361.08
2.0,19,2026-03-06,232.26,165.36,299.17
2.0,19,2026-03-13,222.16,165.57,278.75
2.0,19,2026-03-20,216.9,161.46,272.34
2.0,19,2026-03-27,212.1,177.95,246.26
2.0,20,2026-03-06,260.45,207.26,313.64
2.0,20,2026-03-13,235.67,168.11,303.23
2.0,20,2026-03-20,244.52,186.4,302.63
2.0,20,2026-03-27,230.63,196.48,264.79
2.0,21,2026-03-06,233.34,166.61,300.06
2.0,21,2026-03-13,230.76,174.17,287.36
2.0,21,2026-03-20,212.86,156.95,268.78
2.0,21,2026-03-27,216.47,182.31,250.63
2.0,22,2026-03-06,334.55,265.18,403.91
2.0,22,2026-03-13,295.29,210.74,379.85
2.0,22,2026-03-20,294.75,236.63,352.86
2.0,22,2026-03-27,257.27,223.11,291.43
2.0,23,2026-03-06,177.04,134.86,219.22
2.0,23,2026-03-13,184.54,126.39,242.69
2.0,23,2026-03-20,166.02,122.87,209.17
2.0,23,2026-03-27,155.65,121.49,189.81
2.0,24,2026-03-06,333.35,231.32,435.38
2.0,24,2026-03-13,281.3,196.75,365.86
2.0,24,2026-03-20,273.69,217.39,330.0
2.0,24,2026-03-27,245.42,202.19,288.64
2.0,25,2026-03-06,474.18,359.02,589.33
2.0,25,2026-03-13,315.1,230.55,399.66
2.0,25,2026-03-20,301.15,216.07,386.23
2.0,25,2026-03-27,303.11,247.36,358.86
2.0,26,2026-03-06,265.75,183.99,347.5
2.0,26,2026-03-13,238.37,151.44,325.29
2.0,26,2026-03-20,235.8,177.68,293.91
2.0,26,2026-03-27,228.49,194.33,262.65
2.0,27,2026-03-06,125.94,90.07,161.81
2.0,27,2026-03-13,101.88,59.33,144.44
2.0,27,2026-03-20,101.54,67.61,135.46
2.0,27,2026-03-27,96.86,64.0,129.72
2.0,28,2026-03-06,487.79,386.68,588.91
2.0,28,2026-03-13,332.76,248.07,417.46
2.0,28,2026-03-20,299.77,214.55,384.99
2.0,28,2026-03-27,299.3,240.81,357.79
2.0,29,2026-03-06,350.28,232.93,467.62
2.0,29,2026-03-13,279.05,194.35,363.74
2.0,29,2026-03-20,279.84,223.64,336.04
2.0,29,2026-03-27,260.26,217.28,303.25
2.0,30,2026-03-06,237.67,176.88,298.45
2.0,30,2026-03-13,224.82,170.04,279.59
2.0,30,2026-03-20,214.68,159.63,269.74
2.0,30,2026-03-27,210.93,176.77,245.09
2.0,31,2026-03-06,310.51,232.59,388.43
2.0,31,2026-03-13,272.82,188.44,357.21
2.0,31,2026-03-20,240.15,183.95,296.35
2.0,31,2026-03-27,236.69,193.81,279.56
2.0,32,2026-03-06,265.43,190.59,340.28
2.0,32,2026-03-13,223.2,137.68,308.73
2.0,32,2026-03-20,227.05,168.94,285.17
2.0,32,2026-03-27,219.82,185.98,253.66
2.0,33,2026-03-06,348.44,243.94,452.94
2.0,33,2026-03-13,277.29,192.91,361.68
2.0,33,2026-03-20,278.18,199.3,357.07
2.0,33,2026-03-27,258.86,215.99,301.73
2.0,34,2026-03-06,151.78,119.08,184.49
2.0,34,2026-03-13,147.22,92.79,201.66
2.0,34,2026-03-20,137.99,101.99,173.98
2.0,34,2026-03-27,135.14,101.3,168.98
2.0,35,2026-03-06,320.72,207.68,433.77
2.0,35,2026-03-13,279.24,195.2,363.28
2.0,35,2026-03-20,274.39,218.19,330.59
2.0,35,2026-03-27,246.26,203.39,289.13
2.0,36,2026-03-06,456.43,363.49,549.37
2.0,36,2026-03-13,295.26,210.87,379.64
2.0,36,2026-03-20,297.71,212.81,382.62
2.0,36,2026-03-27,278.93,223.12,334.74
2.0,37,2026-03-06,174.62,127.08,222.16
2.0,37,2026-03-13,185.86,129.92,241.81
2.0,37,2026-03-20,165.34,128.8,201.89
2.0,37,2026-03-27,156.47,122.63,190.31
2.0,38,2026-03-06,472.92,380.9,564.94
2.0,38,2026-03-13,314.2,229.81,398.59
2.0,38,2026-03-20,296.39,211.48,381.29
2.0,38,2026-03-27,300.38,244.57,356.19
2.0,39,2026-03-06,254.83,178.16,331.5
2.0,39,2026-03-13,224.41,168.1,280.73
2.0,39,2026-03-20,227.63,172.41,282.84
2.0,39,2026-03-27,214.67,180.83,248.51
2.0,40,2026-03-06,175.57,137.2,213.94
2.0,40,2026-03-13,184.97,130.59,239.35
2.0,40,2026-03-20,163.32,120.52,206.12
2.0,40,2026-03-27,151.82,117.98,185.66
2.0,41,2026-03-06,129.91,96.51,163.3
2.0,41,2026-03-13,101.91,59.06,144.76
2.0,41,2026-03-20,104.54,72.35,136.73
2.0,41,2026-03-27,103.85,71.78,135.91
2.0,42,2026-03-06,210.64,151.14,270.13
2.0,42,2026-03-13,210.52,154.68,266.36
2.0,42,2026-03-20,210.91,154.55,267.26
2.0,42,2026-03-27,201.2,167.36,235.04
2.0,43,2026-03-06,293.43,239.71,347.15
2.0,43,2026-03-13,235.2,150.85,319.55
2.0,43,2026-03-20,238.24,184.03,292.45
2.0,43,2026-03-27,242.03,208.19,275.87
2.0,44,2026-03-06,176.55,143.1,209.99
2.0,44,2026-03-13,186.51,128.55,244.46
2.0,44,2026-03-20,162.02,119.22,204.83
2.0,44,2026-03-27,152.95,119.11,186.79
2.0,45,2026-03-06,455.49,355.03,555.95
2.0,45,2026-03-13,303.59,219.24,387.94
2.0,45,2026-03-20,300.07,215.21,384.93
2.0,45,2026-03-27,298.38,240.52,356.23
2.0,46,2026-03-06,315.14,242.53,387.74
2.0,46,2026-03-13,262.59,178.24,346.94
2.0,46,2026-03-20,241.08,186.87,295.28
2.0,46,2026-03-27,235.68,194.37,276.99
2.0,47,2026-03-06,112.31,81.13,143.5
2.0,47,2026-03-13,101.11,58.68,143.55
2.0,47,2026-03-20,100.48,66.89,134.08
2.0,47,2026-03-27,97.29,63.8,130.78
2.0,48,2026-03-06,293.1,236.99,349.2
2.0,48,2026-03-13,235.65,151.3,320.0
2.0,48,2026-03-20,239.24,185.03,293.45
2.0,48,2026-03-27,241.93,208.09,275.77
2.0,49,2026-03-06,178.26,143.27,213.26
2.0,49,2026-03-13,185.63,128.12,243.15
2.0,49,2026-03-20,165.25,123.88,206.63
2.0,49,2026-03-27,156.43,122.59,190.27
2.0,50,2026-03-06,324.41,219.78,429.04
2.0,50,2026-03-13,281.68,197.33,366.03
2.0,50,2026-03-20,276.42,214.97,337.88
2.0,50,2026-03-27,248.22,205.35,291.1
3.0,1,2026-03-06,104.2,69.91,138.49
3.0,1,2026-03-13,99.29,62.52,136.05
3.0,1,2026-03-20,99.38,66.58,132.18
3.0,1,2026-03-27,101.52,68.82,134.21
3.0,2,2026-03-06,297.16,245.97,348.35
3.0,2,2026-03-13,239.72,157.85,321.6
3.0,2,2026-03-20,241.41,187.26,295.56
3.0,2,2026-03-27,243.88,207.93,279.83
3.0,3,2026-03-06,193.3,147.19,239.4
3.0,3,2026-03-13,188.32,133.09,243.55
3.0,3,2026-03-20,182.66,128.39,236.94
3.0,3,2026-03-27,173.01,139.02,207.0
3.0,4,2026-03-06,101.13,67.55,134.72
3.0,4,2026-03-13,97.39,61.51,133.27
3.0,4,2026-03-20,99.02,66.08,131.96
3.0,4,2026-03-27,101.06,67.82,134.31
3.0,5,2026-03-06,85.65,41.98,129.32
3.0,5,2026-03-13,91.61,61.32,121.9
3.0,5,2026-03-20,90.99,60.13,121.85
3.0,5,2026-03-27,92.16,62.19,122.14
3.0,6,2026-03-06,302.48,250.62,354.33
3.0,6,2026-03-13,240.21,156.9,323.52
3.0,6,2026-03-20,241.8,187.65,295.95
3.0,6,2026-03-27,244.69,210.69,278.68
3.0,7,2026-03-06,292.71,243.18,342.23
3.0,7,2026-03-13,237.73,155.75,319.72
3.0,7,2026-03-20,240.27,186.12,294.42
3.0,7,2026-03-27,242.14,206.19,278.09
3.0,8,2026-03-06,358.02,242.07,473.98
3.0,8,2026-03-13,280.16,196.49,363.83
3.0,8,2026-03-20,280.4,223.47,337.33
3.0,8,2026-03-27,260.94,218.16,303.72
3.0,9,2026-03-06,266.28,211.16,321.41
3.0,9,2026-03-13,242.23,156.63,327.84
3.0,9,2026-03-20,228.42,172.17,284.68
3.0,9,2026-03-27,230.16,196.17,264.15
3.0,10,2026-03-06,329.85,236.04,423.66
3.0,10,2026-03-13,278.84,195.17,362.51
3.0,10,2026-03-20,273.53,216.6,330.45
3.0,10,2026-03-27,245.49,202.71,288.27
3.0,11,2026-03-06,322.43,233.72,411.14
3.0,11,2026-03-13,282.85,199.18,366.52
3.0,11,2026-03-20,262.12,205.19,319.05
3.0,11,2026-03-27,243.19,195.8,290.57
3.0,12,2026-03-06,322.37,240.61,404.13
3.0,12,2026-03-13,281.11,197.44,364.78
3.0,12,2026-03-20,261.64,205.11,318.16
3.0,12,2026-03-27,238.58,195.8,281.36
3.0,13,2026-03-06,325.47,256.11,394.82
3.0,13,2026-03-13,286.05,202.38,369.72
3.0,13,2026-03-20,285.71,227.83,343.59
3.0,13,2026-03-27,248.21,214.22,282.2
3.0,14,2026-03-06,292.57,242.83,342.31
3.0,14,2026-03-13,239.15,157.28,321.03
3.0,14,2026-03-20,241.01,186.86,295.16
3.0,14,2026-03-27,244.21,210.22,278.21
3.0,15,2026-03-06,448.92,351.68,546.16
3.0,15,2026-03-13,291.59,207.91,375.26
3.0,15,2026-03-20,290.52,206.81,374.23
3.0,15,2026-03-27,302.01,246.91,357.11
3.0,16,2026-03-06,139.17,106.75,171.59
3.0,16,2026-03-13,113.19,70.63,155.75
3.0,16,2026-03-20,111.62,78.3,144.94
3.0,16,2026-03-27,109.39,76.17,142.62
3.0,17,2026-03-06,179.82,142.09,217.55
3.0,17,2026-03-13,187.83,132.32,243.35
3.0,17,2026-03-20,169.07,132.44,205.7
3.0,17,2026-03-27,159.8,125.81,193.79
3.0,18,2026-03-06,432.27,339.85,524.7
3.0,18,2026-03-13,286.42,202.75,370.09
3.0,18,2026-03-20,284.91,201.25,368.56
3.0,18,2026-03-27,276.96,221.87,332.06
3.0,19,2026-03-06,221.77,173.86,269.69
3.0,19,2026-03-13,212.83,158.3,267.37
3.0,19,2026-03-20,207.07,164.36,249.77
3.0,19,2026-03-27,190.56,156.57,224.55
3.0,20,2026-03-06,243.34,177.26,309.43
3.0,20,2026-03-13,224.84,167.64,282.04
3.0,20,2026-03-20,225.97,168.18,283.77
3.0,20,2026-03-27,215.9,181.91,249.89
3.0,21,2026-03-06,216.35,159.47,273.24
3.0,21,2026-03-13,218.62,164.09,273.15
3.0,21,2026-03-20,217.25,157.58,276.93
3.0,21,2026-03-27,199.78,165.79,233.77
3.0,22,2026-03-06,373.45,268.07,478.82
3.0,22,2026-03-13,287.73,204.06,371.4
3.0,22,2026-03-20,281.45,190.7,372.21
3.0,22,2026-03-27,287.26,244.48,330.03
3.0,23,2026-03-06,172.84,104.98,240.7
3.0,23,2026-03-13,180.14,127.31,232.97
3.0,23,2026-03-20,157.61,102.14,213.07
3.0,23,2026-03-27,158.63,124.64,192.62
3.0,24,2026-03-06,316.07,255.77,376.36
3.0,24,2026-03-13,268.8,185.13,352.47
3.0,24,2026-03-20,241.79,187.64,295.94
3.0,24,2026-03-27,238.18,195.4,280.96
3.0,25,2026-03-06,423.05,332.01,514.09
3.0,25,2026-03-13,284.75,201.08,368.42
3.0,25,2026-03-20,280.58,196.87,364.29
3.0,25,2026-03-27,276.92,221.83,332.02
3.0,26,2026-03-06,250.87,186.6,315.13
3.0,26,2026-03-13,228.69,171.49,285.89
3.0,26,2026-03-20,230.13,172.33,287.93
3.0,26,2026-03-27,222.59,188.6,256.58
3.0,27,2026-03-06,100.51,65.73,135.29
3.0,27,2026-03-13,95.86,60.22,131.51
3.0,27,2026-03-20,100.0,67.19,132.8
3.0,27,2026-03-27,101.02,68.33,133.71
3.0,28,2026-03-06,459.38,363.64,555.11
3.0,28,2026-03-13,299.97,216.3,383.64
3.0,28,2026-03-20,300.2,216.55,383.86
3.0,28,2026-03-27,305.94,250.84,361.04
3.0,29,2026-03-06,321.94,247.91,395.98
3.0,29,2026-03-13,283.79,200.12,367.46
3.0,29,2026-03-20,260.21,203.28,317.14
3.0,29,2026-03-27,241.81,199.03,284.58
3.0,30,2026-03-06,216.86,157.02,276.7
3.0,30,2026-03-13,218.08,163.31,272.85
3.0,30,2026-03-20,216.41,159.5,273.32
3.0,30,2026-03-27,199.09,165.09,233.08
3.0,31,2026-03-06,290.25,237.39,343.12
3.0,31,2026-03-13,238.08,156.21,319.96
3.0,31,2026-03-20,239.62,183.71,295.52
3.0,31,2026-03-27,242.84,208.84,276.83
3.0,32,2026-03-06,234.41,182.88,285.94
3.0,32,2026-03-13,230.15,173.35,286.95
3.0,32,2026-03-20,220.47,165.75,275.18
3.0,32,2026-03-27,215.46,181.47,249.45
3.0,33,2026-03-06,306.41,239.01,373.81
3.0,33,2026-03-13,270.97,187.3,354.64
3.0,33,2026-03-20,234.63,176.26,293.0
3.0,33,2026-03-27,232.58,198.58,266.57
3.0,34,2026-03-06,138.48,103.3,173.67
3.0,34,2026-03-13,112.0,69.76,154.25
3.0,34,2026-03-20,113.31,79.07,147.54
3.0,34,2026-03-27,107.49,74.26,140.72
3.0,35,2026-03-06,309.48,245.38,373.58
3.0,35,2026-03-13,262.12,178.81,345.43
3.0,35,2026-03-20,241.92,187.77,296.07
3.0,35,2026-03-27,239.02,198.26,279.79
3.0,36,2026-03-06,353.73,236.21,471.25
3.0,36,2026-03-13,281.06,197.39,364.73
3.0,36,2026-03-20,274.08,212.67,335.5
3.0,36,2026-03-27,262.1,219.33,304.88
3.0,37,2026-03-06,148.8,118.42,179.18
3.0,37,2026-03-13,142.93,90.08,195.79
3.0,37,2026-03-20,139.45,103.33,175.58
3.0,37,2026-03-27,119.86,85.86,153.85
3.0,38,2026-03-06,393.21,309.44,476.99
3.0,38,2026-03-13,287.16,203.49,370.83
3.0,38,2026-03-20,280.32,196.01,364.62
3.0,38,2026-03-27,276.23,213.71,338.74
3.0,39,2026-03-06,236.0,179.32,292.69
3.0,39,2026-03-13,226.95,172.18,281.73
3.0,39,2026-03-20,219.15,164.44,273.86
3.0,39,2026-03-27,216.22,182.23,250.21
3.0,40,2026-03-06,156.48,122.13,190.83
3.0,40,2026-03-13,137.78,85.85,189.71
3.0,40,2026-03-20,139.62,105.39,173.86
3.0,40,2026-03-27,140.01,106.02,174.0
3.0,41,2026-03-06,104.8,70.79,138.82
3.0,41,2026-03-13,95.86,60.09,131.64
3.0,41,2026-03-20,97.93,66.0,129.86
3.0,41,2026-03-27,100.3,68.5,132.1
3.0,42,2026-03-06,204.4,159.92,248.87
3.0,42,2026-03-13,201.84,144.72,258.97
3.0,42,2026-03-20,190.86,148.15,233.56
3.0,42,2026-03-27,182.08,148.09,216.08
3.0,43,2026-03-06,268.25,192.54,343.96
3.0,43,2026-03-13,231.82,145.84,317.8
3.0,43,2026-03-20,233.19,176.37,290.0
3.0,43,2026-03-27,225.01,191.02,259.0
3.0,44,2026-03-06,155.32,123.26,187.37
3.0,44,2026-03-13,147.21,84.98,209.44
3.0,44,2026-03-20,134.83,100.59,169.06
3.0,44,2026-03-27,139.96,105.97,173.96
3.0,45,2026-03-06,383.14,299.29,466.99
3.0,45,2026-03-13,288.24,204.57,371.91
3.0,45,2026-03-20,281.62,195.99,367.25
3.0,45,2026-03-27,276.74,213.06,340.41
3.0,46,2026-03-06,294.67,215.48,373.85
3.0,46,2026-03-13,238.86,155.19,322.53
3.0,46,2026-03-20,239.84,185.69,293.99
3.0,46,2026-03-27,243.53,205.44,281.61
3.0,47,2026-03-06,107.3,74.21,140.4
3.0,47,2026-03-13,97.31,58.03,136.59
3.0,47,2026-03-20,99.44,67.06,131.82
3.0,47,2026-03-27,101.55,68.86,134.25
3.0,48,2026-03-06,268.84,212.41,325.27
3.0,48,2026-03-13,242.27,164.11,320.42
3.0,48,2026-03-20,237.52,179.14,295.89
3.0,48,2026-03-27,228.3,194.31,262.29
3.0,49,2026-03-06,149.69,119.63,179.75
3.0,49,2026-03-13,145.96,92.93,198.99
3.0,49,2026-03-20,134.31,100.07,168.54
3.0,49,2026-03-27,113.97,79.98,147.97
3.0,50,2026-03-06,317.77,257.7,377.84
3.0,50,2026-03-13,268.42,184.75,352.09
3.0,50,2026-03-20,243.66,187.13,300.18
3.0,50,2026-03-27,240.69,198.37,283.01
4.0,1,2026-03-06,92.58,54.2,130.96
4.0,1,2026-03-13,98.56,65.0,132.11
4.0,1,2026-03-20,100.51,68.93,132.09
4.0,1,2026-03-27,100.35,70.24,130.47
4.0,2,2026-03-06,269.27,223.17,315.36
4.0,2,2026-03-13,244.08,162.55,325.6
4.0,2,2026-03-20,248.9,194.81,302.99
4.0,2,2026-03-27,239.25,205.26,273.25
4.0,3,2026-03-06,179.99,140.15,219.83
4.0,3,2026-03-13,192.71,134.38,251.04
4.0,3,2026-03-20,165.29,122.58,207.99
4.0,3,2026-03-27,165.93,131.94,199.92
4.0,4,2026-03-06,126.74,79.16,174.31
4.0,4,2026-03-13,128.18,82.59,173.76
4.0,4,2026-03-20,121.08,69.09,173.07
4.0,4,2026-03-27,119.05,88.85,149.25
4.0,5,2026-03-06,84.5,52.19,116.81
4.0,5,2026-03-13,92.36,68.07,116.65
4.0,5,2026-03-20,90.95,62.67,119.22
4.0,5,2026-03-27,91.68,65.21,118.15
4.0,6,2026-03-06,272.9,197.84,347.96
4.0,6,2026-03-13,242.15,176.57,307.73
4.0,6,2026-03-20,249.63,191.34,307.93
4.0,6,2026-03-27,235.82,201.83,269.81
4.0,7,2026-03-06,271.51,205.22,337.81
4.0,7,2026-03-13,244.09,162.01,326.18
4.0,7,2026-03-20,252.9,194.6,311.19
4.0,7,2026-03-27,237.76,203.77,271.75
4.0,8,2026-03-06,329.45,221.66,437.23
4.0,8,2026-03-13,284.06,200.0,368.11
4.0,8,2026-03-20,276.76,220.44,333.09
4.0,8,2026-03-27,244.72,201.95,287.5
4.0,9,2026-03-06,244.13,178.91,309.36
4.0,9,2026-03-13,227.97,171.37,284.58
4.0,9,2026-03-20,232.45,174.72,290.17
4.0,9,2026-03-27,220.47,186.48,254.46
4.0,10,2026-03-06,319.56,243.32,395.8
4.0,10,2026-03-13,270.19,186.13,354.24
4.0,10,2026-03-20,257.97,201.65,314.3
4.0,10,2026-03-27,239.91,198.62,281.21
4.0,11,2026-03-06,319.04,249.02,389.06
4.0,11,2026-03-13,271.36,187.3,355.41
4.0,11,2026-03-20,237.5,181.18,293.83
4.0,11,2026-03-27,238.31,195.53,281.08
4.0,12,2026-03-06,314.86,241.94,387.77
4.0,12,2026-03-13,264.01,179.96,348.07
4.0,12,2026-03-20,241.72,187.63,295.81
4.0,12,2026-03-27,240.34,199.05,281.64
4.0,13,2026-03-06,371.13,287.99,454.28
4.0,13,2026-03-13,287.85,203.79,371.91
4.0,13,2026-03-20,285.55,206.95,364.15
4.0,13,2026-03-27,266.05,203.65,328.45
4.0,14,2026-03-06,267.39,210.82,323.96
4.0,14,2026-03-13,252.59,173.79,331.38
4.0,14,2026-03-20,237.97,180.17,295.78
4.0,14,2026-03-27,234.14,200.15,268.13
4.0,15,2026-03-06,385.4,275.4,495.4
4.0,15,2026-03-13,290.06,206.0,374.12
4.0,15,2026-03-20,288.82,204.54,373.1
4.0,15,2026-03-27,278.21,235.43,320.99
4.0,16,2026-03-06,110.27,77.78,142.76
4.0,16,2026-03-13,110.85,68.61,153.1
4.0,16,2026-03-20,104.57,71.25,137.89
4.0,16,2026-03-27,112.1,78.87,145.33
4.0,17,2026-03-06,150.05,118.18,181.93
4.0,17,2026-03-13,149.08,95.21,202.95
4.0,17,2026-03-20,141.21,106.97,175.44
4.0,17,2026-03-27,141.44,107.45,175.44
4.0,18,2026-03-06,353.29,240.12,466.46
4.0,18,2026-03-13,287.03,202.98,371.09
4.0,18,2026-03-20,285.61,229.28,341.93
4.0,18,2026-03-27,266.48,223.7,309.26
4.0,19,2026-03-06,219.72,175.45,263.98
4.0,19,2026-03-13,209.58,155.2,263.95
4.0,19,2026-03-20,199.95,157.25,242.65
4.0,19,2026-03-27,188.37,154.38,222.37
4.0,20,2026-03-06,241.2,183.39,299.01
4.0,20,2026-03-13,223.3,168.83,277.78
4.0,20,2026-03-20,220.19,156.49,283.89
4.0,20,2026-03-27,217.09,183.1,251.08
4.0,21,2026-03-06,212.5,172.45,252.55
4.0,21,2026-03-13,210.04,153.39,266.68
4.0,21,2026-03-20,200.97,158.26,243.67
4.0,21,2026-03-27,185.94,151.95,219.93
4.0,22,2026-03-06,346.0,235.57,456.43
4.0,22,2026-03-13,285.49,201.43,369.55
4.0,22,2026-03-20,277.43,221.1,333.75
4.0,22,2026-03-27,249.31,206.54,292.09
4.0,23,2026-03-06,146.89,118.1,175.69
4.0,23,2026-03-13,134.67,82.73,186.6
4.0,23,2026-03-20,122.36,88.12,156.6
4.0,23,2026-03-27,115.18,81.19,149.17
4.0,24,2026-03-06,281.67,210.54,352.79
4.0,24,2026-03-13,243.5,159.41,327.58
4.0,24,2026-03-20,242.24,183.95,300.54
4.0,24,2026-03-27,250.06,216.07,284.05
4.0,25,2026-03-06,331.32,228.62,434.02
4.0,25,2026-03-13,287.21,203.16,371.27
4.0,25,2026-03-20,277.44,221.12,333.77
4.0,25,2026-03-27,248.72,205.95,291.5
4.0,26,2026-03-06,242.54,180.12,304.96
4.0,26,2026-03-13,221.26,165.07,277.46
4.0,26,2026-03-20,221.3,166.59,276.01
4.0,26,2026-03-27,220.14,186.15,254.14
4.0,27,2026-03-06,96.96,55.35,138.57
4.0,27,2026-03-13,97.39,66.55,128.24
4.0,27,2026-03-20,98.98,66.43,131.53
4.0,27,2026-03-27,99.67,68.59,130.75
4.0,28,2026-03-06,392.34,305.36,479.31
4.0,28,2026-03-13,294.57,210.51,378.63
4.0,28,2026-03-20,281.55,197.27,365.83
4.0,28,2026-03-27,277.82,224.39,331.24
4.0,29,2026-03-06,309.81,251.43,368.2
4.0,29,2026-03-13,276.49,192.43,360.54
4.0,29,2026-03-20,238.07,182.15,293.98
4.0,29,2026-03-27,240.44,199.42,281.46
4.0,30,2026-03-06,212.13,171.01,253.25
4.0,30,2026-03-13,199.28,144.92,253.65
4.0,30,2026-03-20,190.83,148.35,233.31
4.0,30,2026-03-27,182.84,148.84,216.83
4.0,31,2026-03-06,270.14,194.47,345.81
4.0,31,2026-03-13,243.62,161.41,325.82
4.0,31,2026-03-20,252.6,195.86,309.34
4.0,31,2026-03-27,232.7,198.71,266.69
4.0,32,2026-03-06,218.43,158.25,278.61
4.0,32,2026-03-13,218.23,163.51,272.95
4.0,32,2026-03-20,215.97,156.47,275.47
4.0,32,2026-03-27,198.98,164.98,232.97
4.0,33,2026-03-06,314.84,234.43,395.25
4.0,33,2026-03-13,266.87,182.81,350.93
4.0,33,2026-03-20,242.05,187.96,296.14
4.0,33,2026-03-27,242.47,205.96,278.99
4.0,34,2026-03-06,138.97,36.06,241.89
4.0,34,2026-03-13,144.56,97.85,191.26
4.0,34,2026-03-20,140.29,87.87,192.7
4.0,34,2026-03-27,133.91,99.92,167.9
4.0,35,2026-03-06,294.3,241.51,347.08
4.0,35,2026-03-13,237.19,154.81,319.58
4.0,35,2026-03-20,240.24,186.15,294.33
4.0,35,2026-03-27,242.55,208.55,276.54
4.0,36,2026-03-06,324.97,217.59,432.36
4.0,36,2026-03-13,284.16,200.11,368.22
4.0,36,2026-03-20,274.94,218.61,331.26
4.0,36,2026-03-27,243.81,201.26,286.36
4.0,37,2026-03-06,141.44,111.17,171.71
4.0,37,2026-03-13,133.68,78.83,188.53
4.0,37,2026-03-20,117.27,83.03,151.5
4.0,37,2026-03-27,113.71,79.72,147.7
4.0,38,2026-03-06,347.77,240.02,455.52
4.0,38,2026-03-13,283.43,199.38,367.49
4.0,38,2026-03-20,276.68,220.36,333.01
4.0,38,2026-03-27,248.69,206.14,291.24
4.0,39,2026-03-06,215.53,172.15,258.92
4.0,39,2026-03-13,219.92,165.2,274.64
4.0,39,2026-03-20,217.83,154.73,280.92
4.0,39,2026-03-27,204.0,170.01,237.99
4.0,40,2026-03-06,148.95,118.54,179.36
4.0,40,2026-03-13,134.62,82.68,186.55
4.0,40,2026-03-20,134.98,100.75,169.22
4.0,40,2026-03-27,108.94,74.95,142.93
4.0,41,2026-03-06,91.78,56.59,126.96
4.0,41,2026-03-13,95.73,62.92,128.55
4.0,41,2026-03-20,98.08,65.71,130.45
4.0,41,2026-03-27,96.26,64.01,128.51
4.0,42,2026-03-06,185.64,153.09,218.2
4.0,42,2026-03-13,191.74,135.74,247.74
4.0,42,2026-03-20,172.57,132.01,213.13
4.0,42,2026-03-27,168.55,134.56,202.54
4.0,43,2026-03-06,244.37,167.0,321.74
4.0,43,2026-03-13,225.5,168.9,282.11
4.0,43,2026-03-20,231.67,173.38,289.97
4.0,43,2026-03-27,215.99,182.0,249.98
4.0,44,2026-03-06,160.34,80.97,239.71
4.0,44,2026-03-13,181.36,127.76,234.96
4.0,44,2026-03-20,159.42,107.98,210.87
4.0,44,2026-03-27,141.22,107.23,175.21
4.0,45,2026-03-06,336.46,227.89,445.02
4.0,45,2026-03-13,284.22,200.16,368.28
4.0,45,2026-03-20,276.26,219.93,332.58
4.0,45,2026-03-27,247.77,205.22,290.33
4.0,46,2026-03-06,266.93,214.9,318.96
4.0,46,2026-03-13,242.66,160.45,324.87
4.0,46,2026-03-20,246.89,190.05,303.73
4.0,46,2026-03-27,236.42,202.42,270.41
4.0,47,2026-03-06,95.56,51.27,139.84
4.0,47,2026-03-13,97.71,66.41,129.01
4.0,47,2026-03-20,100.5,68.13,132.88
4.0,47,2026-03-27,100.82,69.38,132.27
4.0,48,2026-03-06,250.0,184.45,315.56
4.0,48,2026-03-13,229.54,172.94,286.14
4.0,48,2026-03-20,231.72,174.1,289.34
4.0,48,2026-03-27,219.29,185.3,253.28
4.0,49,2026-03-06,140.13,109.04,171.22
4.0,49,2026-03-13,129.5,83.14,175.86
4.0,49,2026-03-20,112.21,77.97,146.45
4.0,49,2026-03-27,113.96,79.97,147.95
4.0,50,2026-03-06,303.91,259.16,348.65
4.0,50,2026-03-13,240.02,157.27,322.77
4.0,50,2026-03-20,243.41,189.32,297.5
4.0,50,2026-03-27,245.84,211.84,279.83
5.0,1,2026-03-06,84.66,69.7,99.63
5.0,1,2026-03-13,88.6,77.94,99.27
5.0,1,2026-03-20,91.38,79.16,103.59
5.0,1,2026-03-27,92.01,78.13,105.89
5.0,2,2026-03-06,216.15,153.93,278.37
5.0,2,2026-03-13,213.58,154.81,272.36
5.0,2,2026-03-20,202.37,142.79,261.95
5.0,2,2026-03-27,183.24,152.34,214.15
5.0,3,2026-03-06,116.46,86.6,146.33
5.0,3,2026-03-13,118.3,70.95,165.65
5.0,3,2026-03-20,114.52,84.64,144.4
5.0,3,2026-03-27,107.69,78.12,137.26
5.0,4,2026-03-06,85.45,70.31,100.6
5.0,4,2026-03-13,90.79,78.61,102.97
5.0,4,2026-03-20,93.35,81.7,105.0
5.0,4,2026-03-27,95.04,79.8,110.29
5.0,5,2026-03-06,115.71,36.13,195.28
5.0,5,2026-03-13,122.07,69.14,175.0
5.0,5,2026-03-20,117.99,61.4,174.59
5.0,5,2026-03-27,118.31,109.98,126.64
5.0,6,2026-03-06,224.34,180.79,267.88
5.0,6,2026-03-13,218.67,160.37,276.97
5.0,6,2026-03-20,207.93,158.74,257.13
5.0,6,2026-03-27,192.63,161.73,223.54
5.0,7,2026-03-06,213.32,168.87,257.77
5.0,7,2026-03-13,213.12,154.93,271.31
5.0,7,2026-03-20,208.54,159.35,257.74
5.0,7,2026-03-27,189.07,158.16,219.97
5.0,8,2026-03-06,263.4,190.2,336.6
5.0,8,2026-03-13,247.04,187.71,306.38
5.0,8,2026-03-20,231.69,172.36,291.02
5.0,8,2026-03-27,231.48,200.57,262.38
5.0,9,2026-03-06,184.69,150.27,219.11
5.0,9,2026-03-13,193.5,132.18,254.82
5.0,9,2026-03-20,176.8,128.96,224.65
5.0,9,2026-03-27,170.06,139.16,200.97
5.0,10,2026-03-06,252.4,179.9,324.9
5.0,10,2026-03-13,232.11,172.77,291.44
5.0,10,2026-03-20,227.25,165.96,288.54
5.0,10,2026-03-27,227.71,196.8,258.61
5.0,11,2026-03-06,244.97,178.66,311.28
5.0,11,2026-03-13,224.91,165.58,284.25
5.0,11,2026-03-20,226.59,167.09,286.08
5.0,11,2026-03-27,212.55,181.65,243.46
5.0,12,2026-03-06,236.67,173.22,300.12
5.0,12,2026-03-13,225.72,166.95,284.5
5.0,12,2026-03-20,220.92,161.46,280.38
5.0,12,2026-03-27,212.71,181.8,243.61
5.0,13,2026-03-06,285.46,236.87,334.06
5.0,13,2026-03-13,243.9,159.48,328.32
5.0,13,2026-03-20,247.17,189.02,305.32
5.0,13,2026-03-27,254.71,223.8,285.61
5.0,14,2026-03-06,216.81,167.56,266.06
5.0,14,2026-03-13,216.81,158.62,275.0
5.0,14,2026-03-20,210.48,161.29,259.68
5.0,14,2026-03-27,187.77,156.87,218.68
5.0,15,2026-03-06,270.41,205.03,335.79
5.0,15,2026-03-13,243.05,156.06,330.04
5.0,15,2026-03-20,243.22,181.47,304.97
5.0,15,2026-03-27,238.24,207.34,269.15
5.0,16,2026-03-06,92.02,55.86,128.18
5.0,16,2026-03-13,101.34,75.03,127.65
5.0,16,2026-03-20,98.53,73.01,124.05
5.0,16,2026-03-27,99.62,75.52,123.72
5.0,17,2026-03-06,108.22,81.55,134.88
5.0,17,2026-03-13,105.17,56.66,153.68
5.0,17,2026-03-20,104.9,73.71,136.09
5.0,17,2026-03-27,108.75,79.18,138.32
5.0,18,2026-03-06,286.43,233.37,339.49
5.0,18,2026-03-13,240.77,153.86,327.69
5.0,18,2026-03-20,244.91,186.76,303.06
5.0,18,2026-03-27,253.32,222.41,284.22
5.0,19,2026-03-06,148.88,116.01,181.74
5.0,19,2026-03-13,139.12,90.61,187.63
5.0,19,2026-03-20,117.76,86.56,148.95
5.0,19,2026-03-27,119.51,88.6,150.41
5.0,20,2026-03-06,183.24,143.9,222.58
5.0,20,2026-03-13,179.39,117.97,240.82
5.0,20,2026-03-20,162.19,113.0,211.39
5.0,20,2026-03-27,162.41,131.51,193.31
5.0,21,2026-03-06,152.31,118.49,186.13
5.0,21,2026-03-13,134.51,81.38,187.64
5.0,21,2026-03-20,118.07,86.87,149.26
5.0,21,2026-03-27,118.3,88.73,147.87
5.0,22,2026-03-06,263.71,206.48,320.93
5.0,22,2026-03-13,243.08,157.97,328.18
5.0,22,2026-03-20,251.68,191.39,311.97
5.0,22,2026-03-27,241.04,210.14,271.95
5.0,23,2026-03-06,99.74,54.11,145.36
5.0,23,2026-03-13,104.12,75.61,132.63
5.0,23,2026-03-20,103.27,73.39,133.15
5.0,23,2026-03-27,103.91,74.34,133.48
5.0,24,2026-03-06,234.22,185.18,283.26
5.0,24,2026-03-13,227.52,169.22,285.82
5.0,24,2026-03-20,222.7,163.24,282.16
5.0,24,2026-03-27,220.31,189.41,251.22
5.0,25,2026-03-06,269.67,213.67,325.66
5.0,25,2026-03-13,250.99,186.36,315.61
5.0,25,2026-03-20,241.21,179.46,302.96
5.0,25,2026-03-27,228.09,197.19,259.0
5.0,26,2026-03-06,184.42,152.67,216.18
5.0,26,2026-03-13,181.36,123.08,239.65
5.0,26,2026-03-20,169.29,132.18,206.4
5.0,26,2026-03-27,163.31,132.41,194.22
5.0,27,2026-03-06,82.69,60.91,104.48
5.0,27,2026-03-13,91.55,81.31,101.79
5.0,27,2026-03-20,95.13,84.17,106.1
5.0,27,2026-03-27,94.79,73.04,116.53
5.0,28,2026-03-06,290.1,242.42,337.79
5.0,28,2026-03-13,242.48,157.58,327.38
5.0,28,2026-03-20,243.63,185.48,301.78
5.0,28,2026-03-27,248.45,217.54,279.35
5.0,29,2026-03-06,240.03,180.43,299.62
5.0,29,2026-03-13,231.01,171.67,290.34
5.0,29,2026-03-20,219.87,161.23,278.51
5.0,29,2026-03-27,222.42,191.52,253.32
5.0,30,2026-03-06,147.35,112.42,182.27
5.0,30,2026-03-13,138.61,89.64,187.58
5.0,30,2026-03-20,121.69,90.5,152.88
5.0,30,2026-03-27,114.02,84.45,143.59
5.0,31,2026-03-06,215.31,170.47,260.16
5.0,31,2026-03-13,215.8,157.02,274.57
5.0,31,2026-03-20,201.58,152.39,250.78
5.0,31,2026-03-27,182.92,152.02,213.83
5.0,32,2026-03-06,161.35,129.49,193.21
5.0,32,2026-03-13,146.53,88.84,204.22
5.0,32,2026-03-20,144.76,113.57,175.95
5.0,32,2026-03-27,144.47,113.57,175.38
5.0,33,2026-03-06,240.92,185.56,296.28
5.0,33,2026-03-13,225.83,167.05,284.6
5.0,33,2026-03-20,215.88,157.24,274.52
5.0,33,2026-03-27,212.82,181.91,243.72
5.0,34,2026-03-06,94.93,57.88,131.99
5.0,34,2026-03-13,102.09,73.09,131.09
5.0,34,2026-03-20,102.6,74.61,130.59
5.0,34,2026-03-27,99.68,73.19,126.17
5.0,35,2026-03-06,235.68,168.86,302.5
5.0,35,2026-03-13,216.47,157.13,275.81
5.0,35,2026-03-20,218.79,157.04,280.54
5.0,35,2026-03-27,218.65,187.74,249.55
5.0,36,2026-03-06,258.08,181.49,334.66
5.0,36,2026-03-13,247.64,158.98,336.29
5.0,36,2026-03-20,228.34,166.59,290.09
5.0,36,2026-03-27,228.5,197.59,259.4
5.0,37,2026-03-06,99.91,61.9,137.92
5.0,37,2026-03-13,103.57,73.56,133.58
5.0,37,2026-03-20,102.93,73.05,132.81
5.0,37,2026-03-27,104.33,74.76,133.91
5.0,38,2026-03-06,272.34,217.06,327.63
5.0,38,2026-03-13,237.7,153.34,322.06
5.0,38,2026-03-20,251.65,191.87,311.43
5.0,38,2026-03-27,231.41,200.51,262.32
5.0,39,2026-03-06,163.24,129.89,196.59
5.0,39,2026-03-13,144.63,76.2,213.07
5.0,39,2026-03-20,139.53,108.34,170.72
5.0,39,2026-03-27,137.36,106.45,168.26
5.0,40,2026-03-06,100.12,57.55,142.7
5.0,40,2026-03-13,104.18,74.17,134.19
5.0,40,2026-03-20,102.79,75.75,129.84
5.0,40,2026-03-27,102.24,73.71,130.77
5.0,41,2026-03-06,85.04,63.23,106.85
5.0,41,2026-03-13,88.94,75.22,102.67
5.0,41,2026-03-20,92.3,83.06,101.55
5.0,41,2026-03-27,92.88,81.17,104.6
5.0,42,2026-03-06,115.8,83.77,147.83
5.0,42,2026-03-13,113.38,64.47,162.29
5.0,42,2026-03-20,115.97,84.78,147.17
5.0,42,2026-03-27,114.04,83.14,144.95
5.0,43,2026-03-06,192.75,151.76,233.73
5.0,43,2026-03-13,192.73,130.94,254.53
5.0,43,2026-03-20,192.33,143.13,241.52
5.0,43,2026-03-27,169.53,138.62,200.43
5.0,44,2026-03-06,101.34,62.35,140.33
5.0,44,2026-03-13,103.92,76.87,130.96
5.0,44,2026-03-20,103.26,74.18,132.34
5.0,44,2026-03-27,104.06,74.49,133.63
5.0,45,2026-03-06,267.7,222.18,313.21
5.0,45,2026-03-13,233.91,145.33,322.49
5.0,45,2026-03-20,237.53,177.75,297.3
5.0,45,2026-03-27,233.52,202.62,264.42
5.0,46,2026-03-06,219.18,163.22,275.13
5.0,46,2026-03-13,216.39,158.2,274.58
5.0,46,2026-03-20,213.27,154.63,271.91
5.0,46,2026-03-27,188.96,158.06,219.86
5.0,47,2026-03-06,85.99,62.8,109.17
5.0,47,2026-03-13,94.99,85.48,104.5
5.0,47,2026-03-20,95.23,82.3,108.15
5.0,47,2026-03-27,95.71,78.54,112.88
5.0,48,2026-03-06,191.58,150.55,232.61
5.0,48,2026-03-13,192.74,130.95,254.53
5.0,48,2026-03-20,192.29,143.09,241.48
5.0,48,2026-03-27,169.54,138.63,200.44
5.0,49,2026-03-06,100.98,62.63,139.32
5.0,49,2026-03-13,102.54,72.52,132.55
5.0,49,2026-03-20,104.56,75.48,133.64
5.0,49,2026-03-27,103.71,74.14,133.28
5.0,50,2026-03-06,239.36,180.03,298.68
5.0,50,2026-03-13,226.93,168.16,285.71
5.0,50,2026-03-20,224.09,165.45,282.73
5.0,50,2026-03-27,222.3,191.39,253.2
6.0,1,2026-03-06,83.78,73.9,93.67
6.0,1,2026-03-13,89.33,66.74,111.91
6.0,1,2026-03-20,93.28,82.72,103.83
6.0,1,2026-03-27,94.56,84.01,105.12
6.0,2,2026-03-06,223.66,176.54,270.77
6.0,2,2026-03-13,223.0,164.31,281.69
6.0,2,2026-03-20,211.09,162.08,260.11
6.0,2,2026-03-27,192.08,161.02,223.14
6.0,3,2026-03-06,116.69,83.63,149.75
6.0,3,2026-03-13,115.52,67.19,163.86
6.0,3,2026-03-20,117.62,86.28,148.95
6.0,3,2026-03-27,114.25,83.19,145.31
6.0,4,2026-03-06,89.21,66.44,111.98
6.0,4,2026-03-13,92.12,69.39,114.85
6.0,4,2026-03-20,95.5,82.73,108.26
6.0,4,2026-03-27,96.85,84.09,109.6
6.0,5,2026-03-06,78.94,67.83,90.05
6.0,5,2026-03-13,88.33,78.86,97.79
6.0,5,2026-03-20,89.89,80.49,99.29
6.0,5,2026-03-27,89.75,79.63,99.86
6.0,6,2026-03-06,217.31,126.84,307.79
6.0,6,2026-03-13,218.27,158.91,277.63
6.0,6,2026-03-20,203.96,142.07,265.84
6.0,6,2026-03-27,189.53,158.47,220.59
6.0,7,2026-03-06,213.83,173.0,254.66
6.0,7,2026-03-13,217.27,158.24,276.31
6.0,7,2026-03-20,207.66,158.65,256.68
6.0,7,2026-03-27,183.95,152.89,215.01
6.0,8,2026-03-06,269.39,210.72,328.06
6.0,8,2026-03-13,247.62,166.64,328.61
6.0,8,2026-03-20,237.75,175.51,299.99
6.0,8,2026-03-27,229.37,198.31,260.43
6.0,9,2026-03-06,182.98,141.39,224.56
6.0,9,2026-03-13,195.14,132.86,257.42
6.0,9,2026-03-20,182.84,133.83,231.86
6.0,9,2026-03-27,171.78,140.72,202.84
6.0,10,2026-03-06,256.58,186.71,326.44
6.0,10,2026-03-13,229.35,168.49,290.2
6.0,10,2026-03-20,228.64,168.41,288.88
6.0,10,2026-03-27,219.49,188.43,250.55
6.0,11,2026-03-06,247.36,181.91,312.81
6.0,11,2026-03-13,230.89,170.42,291.36
6.0,11,2026-03-20,232.74,172.81,292.66
6.0,11,2026-03-27,213.98,182.92,245.05
6.0,12,2026-03-06,245.76,179.92,311.61
6.0,12,2026-03-13,226.62,165.77,287.48
6.0,12,2026-03-20,222.96,163.31,282.6
6.0,12,2026-03-27,218.96,187.9,250.02
6.0,13,2026-03-06,301.59,246.51,356.68
6.0,13,2026-03-13,246.18,161.71,330.65
6.0,13,2026-03-20,248.12,187.33,308.91
6.0,13,2026-03-27,257.83,226.77,288.89
6.0,14,2026-03-06,224.35,160.67,288.04
6.0,14,2026-03-13,214.93,155.89,273.96
6.0,14,2026-03-20,208.21,159.2,257.23
6.0,14,2026-03-27,184.77,153.71,215.83
6.0,15,2026-03-06,298.93,246.02,351.84
6.0,15,2026-03-13,241.87,157.52,326.21
6.0,15,2026-03-20,245.09,186.68,303.5
6.0,15,2026-03-27,247.35,216.29,278.42
6.0,16,2026-03-06,123.77,69.85,177.69
6.0,16,2026-03-13,126.5,77.03,175.97
6.0,16,2026-03-20,123.11,70.02,176.2
6.0,16,2026-03-27,122.72,102.48,142.97
6.0,17,2026-03-06,101.67,71.26,132.07
6.0,17,2026-03-13,102.48,56.34,148.63
6.0,17,2026-03-20,104.65,74.6,134.69
6.0,17,2026-03-27,107.57,77.81,137.32
6.0,18,2026-03-06,279.19,233.89,324.48
6.0,18,2026-03-13,238.31,153.97,322.65
6.0,18,2026-03-20,247.16,188.74,305.57
6.0,18,2026-03-27,243.56,212.5,274.62
6.0,19,2026-03-06,152.27,121.93,182.61
6.0,19,2026-03-13,142.08,85.07,199.1
6.0,19,2026-03-20,124.47,93.13,155.8
6.0,19,2026-03-27,115.73,84.67,146.79
6.0,20,2026-03-06,185.0,143.4,226.61
6.0,20,2026-03-13,182.93,123.2,242.67
6.0,20,2026-03-20,175.38,127.78,222.99
6.0,20,2026-03-27,166.11,135.05,197.17
6.0,21,2026-03-06,139.31,108.35,170.28
6.0,21,2026-03-13,137.12,88.34,185.91
6.0,21,2026-03-20,128.99,98.94,159.04
6.0,21,2026-03-27,123.96,94.21,153.71
6.0,22,2026-03-06,268.69,203.2,334.18
6.0,22,2026-03-13,246.33,179.42,313.24
6.0,22,2026-03-20,254.18,191.94,316.42
6.0,22,2026-03-27,234.63,203.57,265.69
6.0,23,2026-03-06,96.66,47.58,145.75
6.0,23,2026-03-13,104.3,74.9,133.69
6.0,23,2026-03-20,103.21,74.97,131.45
6.0,23,2026-03-27,105.46,79.39,131.53
6.0,24,2026-03-06,242.04,195.38,288.7
6.0,24,2026-03-13,229.81,170.77,288.84
6.0,24,2026-03-20,218.93,159.8,278.05
6.0,24,2026-03-27,222.19,191.13,253.25
6.0,25,2026-03-06,278.45,227.68,329.23
6.0,25,2026-03-13,243.61,159.13,328.08
6.0,25,2026-03-20,246.44,186.54,306.35
6.0,25,2026-03-27,242.98,211.92,274.04
6.0,26,2026-03-06,179.6,81.77,277.42
6.0,26,2026-03-13,188.71,129.34,248.07
6.0,26,2026-03-20,170.83,111.44,230.21
6.0,26,2026-03-27,163.27,132.21,194.33
6.0,27,2026-03-06,84.88,61.41,108.36
6.0,27,2026-03-13,92.55,77.91,107.18
6.0,27,2026-03-20,96.25,73.39,119.12
6.0,27,2026-03-27,95.33,77.57,113.09
6.0,28,2026-03-06,299.68,250.83,348.53
6.0,28,2026-03-13,242.29,157.47,327.11
6.0,28,2026-03-20,246.15,187.74,304.57
6.0,28,2026-03-27,247.21,216.15,278.27
6.0,29,2026-03-06,246.64,187.39,305.89
6.0,29,2026-03-13,230.55,170.86,290.24
6.0,29,2026-03-20,222.49,162.95,282.04
6.0,29,2026-03-27,219.68,188.62,250.74
6.0,30,2026-03-06,146.68,113.66,179.71
6.0,30,2026-03-13,135.46,75.46,195.45
6.0,30,2026-03-20,122.51,91.17,153.84
6.0,30,2026-03-27,119.41,88.35,150.47
6.0,31,2026-03-06,215.24,172.03,258.44
6.0,31,2026-03-13,212.89,154.2,271.58
6.0,31,2026-03-20,205.66,156.64,254.67
6.0,31,2026-03-27,186.84,155.78,217.9
6.0,32,2026-03-06,160.01,130.41,189.61
6.0,32,2026-03-13,152.36,94.03,210.7
6.0,32,2026-03-20,145.05,113.71,176.38
6.0,32,2026-03-27,145.12,114.06,176.18
6.0,33,2026-03-06,249.77,179.98,319.56
6.0,33,2026-03-13,230.37,169.51,291.22
6.0,33,2026-03-20,227.62,167.66,287.58
6.0,33,2026-03-27,214.66,183.59,245.72
6.0,34,2026-03-06,91.77,55.79,127.75
6.0,34,2026-03-13,99.24,73.68,124.8
6.0,34,2026-03-20,101.86,74.28,129.44
6.0,34,2026-03-27,101.44,72.47,130.4
6.0,35,2026-03-06,233.63,176.11,291.15
6.0,35,2026-03-13,220.9,161.87,279.94
6.0,35,2026-03-20,219.76,160.64,278.89
6.0,35,2026-03-27,219.33,188.27,250.39
6.0,36,2026-03-06,266.34,202.2,330.48
6.0,36,2026-03-13,237.79,171.93,303.65
6.0,36,2026-03-20,229.48,167.24,291.72
6.0,36,2026-03-27,227.99,196.92,259.05
6.0,37,2026-03-06,95.19,63.0,127.38
6.0,37,2026-03-13,102.46,69.64,135.27
6.0,37,2026-03-20,103.02,72.97,133.07
6.0,37,2026-03-27,104.68,75.72,133.64
6.0,38,2026-03-06,270.5,191.06,349.94
6.0,38,2026-03-13,245.09,184.23,305.94
6.0,38,2026-03-20,254.56,192.32,316.8
6.0,38,2026-03-27,233.83,202.76,264.89
6.0,39,2026-03-06,176.99,145.83,208.15
6.0,39,2026-03-13,168.1,111.12,225.07
6.0,39,2026-03-20,168.05,131.01,205.09
6.0,39,2026-03-27,160.06,129.0,191.12
6.0,40,2026-03-06,99.03,53.52,144.54
6.0,40,2026-03-13,104.67,74.33,135.01
6.0,40,2026-03-20,105.17,76.95,133.39
6.0,40,2026-03-27,105.34,75.58,135.09
6.0,41,2026-03-06,84.22,74.16,94.28
6.0,41,2026-03-13,91.39,70.8,111.98
6.0,41,2026-03-20,94.24,81.99,106.49
6.0,41,2026-03-27,95.98,84.34,107.61
6.0,42,2026-03-06,119.51,88.79,150.22
6.0,42,2026-03-13,115.01,66.67,163.34
6.0,42,2026-03-20,114.24,84.2,144.29
6.0,42,2026-03-27,110.57,80.81,140.32
6.0,43,2026-03-06,194.41,154.48,234.33
6.0,43,2026-03-13,194.12,131.84,256.41
6.0,43,2026-03-20,194.22,145.21,243.24
6.0,43,2026-03-27,170.92,139.86,201.99
6.0,44,2026-03-06,98.68,42.59,154.77
6.0,44,2026-03-13,104.11,73.77,134.44
6.0,44,2026-03-20,102.93,72.88,132.98
6.0,44,2026-03-27,105.07,75.31,134.82
6.0,45,2026-03-06,275.9,197.08,354.73
6.0,45,2026-03-13,247.03,181.17,312.88
6.0,45,2026-03-20,249.98,187.74,312.22
6.0,45,2026-03-27,229.55,198.49,260.61
6.0,46,2026-03-06,220.39,162.56,278.23
6.0,46,2026-03-13,205.79,145.7,265.87
6.0,46,2026-03-20,188.8,130.21,247.38
6.0,46,2026-03-27,180.91,149.85,211.97
6.0,47,2026-03-06,83.75,62.03,105.48
6.0,47,2026-03-13,91.84,81.72,101.97
6.0,47,2026-03-20,94.88,84.31,105.45
6.0,47,2026-03-27,95.46,83.21,107.71
6.0,48,2026-03-06,196.81,149.76,243.86
6.0,48,2026-03-13,194.17,133.1,255.24
6.0,48,2026-03-20,193.59,144.58,242.61
6.0,48,2026-03-27,171.23,140.17,202.29
6.0,49,2026-03-06,101.37,58.15,144.58
6.0,49,2026-03-13,105.13,77.91,132.35
6.0,49,2026-03-20,103.79,73.74,133.83
6.0,49,2026-03-27,103.33,75.45,131.21
6.0,50,2026-03-06,243.19,184.64,301.74
6.0,50,2026-03-13,228.01,167.54,288.48
6.0,50,2026-03-20,221.79,162.66,280.92
6.0,50,2026-03-27,216.48,185.42,247.54
7.0,1,2026-03-06,82.34,72.95,91.73
7.0,1,2026-03-13,90.39,81.48,99.29
7.0,1,2026-03-20,93.23,84.12,102.35
7.0,1,2026-03-27,94.79,84.28,105.31
7.0,2,2026-03-06,197.27,156.08,238.45
7.0,2,2026-03-13,193.21,131.99,254.43
7.0,2,2026-03-20,192.02,142.88,241.16
7.0,2,2026-03-27,172.36,141.16,203.56
7.0,3,2026-03-06,113.33,85.32,141.35
7.0,3,2026-03-13,115.13,67.89,162.38
7.0,3,2026-03-20,108.68,78.5,138.87
7.0,3,2026-03-27,109.71,79.82,139.59
7.0,4,2026-03-06,86.05,77.32,94.78
7.0,4,2026-03-13,91.6,82.35,100.85
7.0,4,2026-03-20,93.11,83.26,102.95
7.0,4,2026-03-27,94.64,83.69,105.58
7.0,5,2026-03-06,81.04,73.06,89.02
7.0,5,2026-03-13,87.1,77.8,96.41
7.0,5,2026-03-20,87.86,79.53,96.19
7.0,5,2026-03-27,90.27,81.94,98.6
7.0,6,2026-03-06,199.14,152.48,245.8
7.0,6,2026-03-13,193.95,131.25,256.64
7.0,6,2026-03-20,192.63,143.49,241.77
7.0,6,2026-03-27,170.18,138.98,201.38
7.0,7,2026-03-06,206.85,142.25,271.44
7.0,7,2026-03-13,188.57,128.67,248.47
7.0,7,2026-03-20,184.57,124.03,245.11
7.0,7,2026-03-27,161.25,130.05,192.45
7.0,8,2026-03-06,252.67,188.37,316.97
7.0,8,2026-03-13,230.3,169.41,291.2
7.0,8,2026-03-20,229.02,168.86,289.18
7.0,8,2026-03-27,212.71,181.51,243.91
7.0,9,2026-03-06,187.11,153.45,220.77
7.0,9,2026-03-13,184.36,125.2,243.52
7.0,9,2026-03-20,171.79,140.31,203.27
7.0,9,2026-03-27,162.0,130.8,193.2
7.0,10,2026-03-06,235.06,182.13,287.98
7.0,10,2026-03-13,228.94,169.47,288.41
7.0,10,2026-03-20,214.91,146.1,283.73
7.0,10,2026-03-27,214.04,182.84,245.24
7.0,11,2026-03-06,238.69,182.43,294.95
7.0,11,2026-03-13,219.3,158.41,280.2
7.0,11,2026-03-20,219.25,159.73,278.76
7.0,11,2026-03-27,215.79,184.59,246.99
7.0,12,2026-03-06,247.59,191.27,303.9
7.0,12,2026-03-13,215.08,155.6,274.55
7.0,12,2026-03-20,218.61,159.1,278.13
7.0,12,2026-03-27,210.89,179.69,242.09
7.0,13,2026-03-06,268.16,213.56,322.77
7.0,13,2026-03-13,249.85,163.88,335.82
7.0,13,2026-03-20,231.66,170.45,292.88
7.0,13,2026-03-27,232.02,200.82,263.22
7.0,14,2026-03-06,206.85,165.12,248.58
7.0,14,2026-03-13,192.2,131.35,253.06
7.0,14,2026-03-20,191.31,142.17,240.45
7.0,14,2026-03-27,168.11,136.91,199.31
7.0,15,2026-03-06,267.48,192.57,342.39
7.0,15,2026-03-13,246.45,159.81,333.09
7.0,15,2026-03-20,254.14,193.43,314.85
7.0,15,2026-03-27,233.38,202.18,264.58
7.0,16,2026-03-06,87.98,61.08,114.87
7.0,16,2026-03-13,95.88,81.77,110.0
7.0,16,2026-03-20,97.71,73.73,121.69
7.0,16,2026-03-27,99.18,86.59,111.77
7.0,17,2026-03-06,132.23,62.37,202.08
7.0,17,2026-03-13,132.6,83.31,181.89
7.0,17,2026-03-20,126.45,71.59,181.3
7.0,17,2026-03-27,125.97,103.29,148.65
7.0,18,2026-03-06,261.65,196.18,327.12
7.0,18,2026-03-13,249.53,160.89,338.16
7.0,18,2026-03-20,234.02,173.31,294.73
7.0,18,2026-03-27,230.2,199.0,261.4
7.0,19,2026-03-06,130.87,98.37,163.36
7.0,19,2026-03-13,115.64,67.18,164.09
7.0,19,2026-03-20,118.53,88.34,148.72
7.0,19,2026-03-27,121.27,91.38,151.15
7.0,20,2026-03-06,154.11,122.78,185.45
7.0,20,2026-03-13,152.15,94.24,210.06
7.0,20,2026-03-20,139.64,108.16,171.12
7.0,20,2026-03-27,137.13,105.93,168.33
7.0,21,2026-03-06,130.89,102.89,158.89
7.0,21,2026-03-13,120.35,71.89,168.81
7.0,21,2026-03-20,119.09,88.9,149.28
7.0,21,2026-03-27,111.02,81.14,140.91
7.0,22,2026-03-06,257.03,191.77,322.29
7.0,22,2026-03-13,233.31,172.03,294.59
7.0,22,2026-03-20,229.51,167.31,291.7
7.0,22,2026-03-27,223.59,192.39,254.79
7.0,23,2026-03-06,98.66,57.56,139.76
7.0,23,2026-03-13,99.95,71.57,128.33
7.0,23,2026-03-20,100.48,72.83,128.12
7.0,23,2026-03-27,103.77,74.68,132.85
7.0,24,2026-03-06,220.06,167.35,272.77
7.0,24,2026-03-13,220.15,160.68,279.62
7.0,24,2026-03-20,217.36,148.82,285.9
7.0,24,2026-03-27,199.67,168.47,230.87
7.0,25,2026-03-06,262.66,205.36,319.96
7.0,25,2026-03-13,234.99,168.11,301.88
7.0,25,2026-03-20,230.33,167.67,292.98
7.0,25,2026-03-27,230.25,199.05,261.45
7.0,26,2026-03-06,156.88,126.58,187.18
7.0,26,2026-03-13,150.31,91.53,209.08
7.0,26,2026-03-20,143.63,108.51,178.76
7.0,26,2026-03-27,137.18,105.98,168.38
7.0,27,2026-03-06,123.9,62.08,185.72
7.0,27,2026-03-13,131.72,79.08,184.36
7.0,27,2026-03-20,128.29,74.43,182.15
7.0,27,2026-03-27,126.5,117.4,135.6
7.0,28,2026-03-06,262.92,189.97,335.87
7.0,28,2026-03-13,247.36,184.93,309.79
7.0,28,2026-03-20,249.15,186.95,311.34
7.0,28,2026-03-27,240.36,209.17,271.56
7.0,29,2026-03-06,227.73,180.34,275.11
7.0,29,2026-03-13,218.28,158.81,277.76
7.0,29,2026-03-20,214.4,154.89,273.91
7.0,29,2026-03-27,203.5,172.3,234.7
7.0,30,2026-03-06,119.8,86.34,153.25
7.0,30,2026-03-13,115.53,67.82,163.24
7.0,30,2026-03-20,110.73,80.54,140.92
7.0,30,2026-03-27,109.53,79.65,139.42
7.0,31,2026-03-06,199.1,157.27,240.92
7.0,31,2026-03-13,189.96,128.23,251.68
7.0,31,2026-03-20,190.22,141.08,239.36
7.0,31,2026-03-27,170.13,138.93,201.33
7.0,32,2026-03-06,146.94,113.88,180.0
7.0,32,2026-03-13,133.48,64.64,202.32
7.0,32,2026-03-20,126.08,94.6,157.56
7.0,32,2026-03-27,113.8,82.6,145.0
7.0,33,2026-03-06,229.63,177.38,281.88
7.0,33,2026-03-13,219.76,160.29,279.24
7.0,33,2026-03-20,218.35,147.78,288.93
7.0,33,2026-03-27,213.52,182.32,244.72
7.0,34,2026-03-06,89.8,67.12,112.49
7.0,34,2026-03-13,95.69,72.7,118.67
7.0,34,2026-03-20,97.59,79.62,115.56
7.0,34,2026-03-27,98.77,76.96,120.58
7.0,35,2026-03-06,218.33,157.2,279.46
7.0,35,2026-03-13,216.71,157.24,276.18
7.0,35,2026-03-20,215.82,166.68,264.96
7.0,35,2026-03-27,198.37,167.17,229.57
7.0,36,2026-03-06,245.0,180.1,309.9
7.0,36,2026-03-13,225.42,164.53,286.32
7.0,36,2026-03-20,230.74,170.68,290.8
7.0,36,2026-03-27,212.88,181.68,244.08
7.0,37,2026-03-06,128.86,43.83,213.88
7.0,37,2026-03-13,131.75,81.95,181.56
7.0,37,2026-03-20,135.71,80.49,190.93
7.0,37,2026-03-27,126.88,105.28,148.48
7.0,38,2026-03-06,260.91,189.39,332.43
7.0,38,2026-03-13,234.38,173.1,295.67
7.0,38,2026-03-20,229.86,167.21,292.52
7.0,38,2026-03-27,226.18,194.98,257.38
7.0,39,2026-03-06,138.68,105.11,172.24
7.0,39,2026-03-13,135.11,86.65,183.57
7.0,39,2026-03-20,119.04,87.56,150.52
7.0,39,2026-03-27,124.13,94.25,154.02
7.0,40,2026-03-06,96.55,60.24,132.86
7.0,40,2026-03-13,100.52,72.67,128.38
7.0,40,2026-03-20,103.47,75.34,131.59
7.0,40,2026-03-27,100.87,70.98,130.75
7.0,41,2026-03-06,86.29,74.7,97.89
7.0,41,2026-03-13,91.16,82.76,99.56
7.0,41,2026-03-20,94.13,84.97,103.3
7.0,41,2026-03-27,96.06,86.81,105.31
7.0,42,2026-03-06,109.72,76.17,143.28
7.0,42,2026-03-13,107.28,60.82,153.73
7.0,42,2026-03-20,105.62,75.43,135.8
7.0,42,2026-03-27,108.11,78.23,138.0
7.0,43,2026-03-06,182.1,142.49,221.7
7.0,43,2026-03-13,182.48,122.42,242.53
7.0,43,2026-03-20,160.99,120.18,201.79
7.0,43,2026-03-27,161.08,129.88,192.28
7.0,44,2026-03-06,94.86,58.1,131.62
7.0,44,2026-03-13,100.53,73.13,127.93
7.0,44,2026-03-20,103.61,78.17,129.05
7.0,44,2026-03-27,100.75,74.02,127.49
7.0,45,2026-03-06,251.89,178.82,324.96
7.0,45,2026-03-13,233.51,172.23,294.8
7.0,45,2026-03-20,229.35,167.15,291.55
7.0,45,2026-03-27,227.59,196.39,258.79
7.0,46,2026-03-06,200.05,157.91,242.19
7.0,46,2026-03-13,196.35,133.66,259.05
7.0,46,2026-03-20,195.21,146.07,244.35
7.0,46,2026-03-27,179.32,148.12,210.51
7.0,47,2026-03-06,124.5,75.92,173.08
7.0,47,2026-03-13,132.67,79.3,186.04
7.0,47,2026-03-20,134.05,81.17,186.93
7.0,47,2026-03-27,126.32,117.23,135.42
7.0,48,2026-03-06,183.42,151.31,215.53
7.0,48,2026-03-13,181.83,121.56,242.11
7.0,48,2026-03-20,164.48,118.72,210.23
7.0,48,2026-03-27,164.36,133.16,195.56
7.0,49,2026-03-06,90.12,53.16,127.07
7.0,49,2026-03-13,98.33,70.93,125.73
7.0,49,2026-03-20,98.71,71.49,125.94
7.0,49,2026-03-27,102.34,75.47,129.2
7.0,50,2026-03-06,228.27,180.78,275.76
7.0,50,2026-03-13,222.51,163.27,281.74
7.0,50,2026-03-20,214.97,165.83,264.11
7.0,50,2026-03-27,195.53,164.33,226.73
8.0,1,2026-03-06,102.89,69.96,135.82
8.0,1,2026-03-13,103.78,62.26,145.3
8.0,1,2026-03-20,98.82,66.18,131.45
8.0,1,2026-03-27,103.22,71.14,135.3
8.0,2,2026-03-06,308.21,243.88,372.55
8.0,2,2026-03-13,252.37,168.9,335.84
8.0,2,2026-03-20,240.32,186.3,294.33
8.0,2,2026-03-27,239.68,197.62,281.74
8.0,3,2026-03-06,221.23,183.79,258.67
8.0,3,2026-03-13,215.48,161.43,269.52
8.0,3,2026-03-20,206.84,164.27,249.42
8.0,3,2026-03-27,184.95,151.11,218.79
8.0,4,2026-03-06,104.29,67.6,140.98
8.0,4,2026-03-13,106.27,70.58,141.95
8.0,4,2026-03-20,97.28,64.51,130.05
8.0,4,2026-03-27,100.2,67.12,133.28
8.0,5,2026-03-06,93.76,52.87,134.66
8.0,5,2026-03-13,91.66,60.82,122.51
8.0,5,2026-03-20,92.99,61.27,124.72
8.0,5,2026-03-27,91.07,59.49,122.65
8.0,6,2026-03-06,319.0,261.78,376.23
8.0,6,2026-03-13,252.91,169.8,336.03
8.0,6,2026-03-20,239.7,185.68,293.71
8.0,6,2026-03-27,241.24,207.4,275.08
8.0,7,2026-03-06,314.07,257.28,370.86
8.0,7,2026-03-13,258.21,175.1,341.33
8.0,7,2026-03-20,238.39,184.38,292.41
8.0,7,2026-03-27,239.33,205.49,273.17
8.0,8,2026-03-06,316.82,231.23,402.41
8.0,8,2026-03-13,285.8,202.33,369.27
8.0,8,2026-03-20,281.94,224.8,339.09
8.0,8,2026-03-27,244.74,210.9,278.58
8.0,9,2026-03-06,286.51,233.76,339.26
8.0,9,2026-03-13,239.74,158.95,320.53
8.0,9,2026-03-20,243.15,187.57,298.72
8.0,9,2026-03-27,241.46,207.62,275.3
8.0,10,2026-03-06,350.76,272.21,429.31
8.0,10,2026-03-13,296.41,212.94,379.88
8.0,10,2026-03-20,279.29,218.44,340.14
8.0,10,2026-03-27,274.43,212.11,336.76
8.0,11,2026-03-06,369.85,265.65,474.05
8.0,11,2026-03-13,282.37,198.9,365.84
8.0,11,2026-03-20,281.84,219.96,343.72
8.0,11,2026-03-27,258.84,216.19,301.49
8.0,12,2026-03-06,332.0,241.53,422.48
8.0,12,2026-03-13,283.94,200.47,367.41
8.0,12,2026-03-20,272.46,217.0,327.92
8.0,12,2026-03-27,243.98,201.33,286.63
8.0,13,2026-03-06,479.51,373.88,585.13
8.0,13,2026-03-13,323.24,239.77,406.71
8.0,13,2026-03-20,300.19,216.18,384.2
8.0,13,2026-03-27,303.59,248.26,358.92
8.0,14,2026-03-06,311.31,247.06,375.56
8.0,14,2026-03-13,266.26,182.79,349.73
8.0,14,2026-03-20,239.28,185.26,293.3
8.0,14,2026-03-27,239.66,197.01,282.31
8.0,15,2026-03-06,480.59,363.93,597.25
8.0,15,2026-03-13,325.38,241.91,408.85
8.0,15,2026-03-20,301.8,217.79,385.82
8.0,15,2026-03-27,299.14,244.01,354.27
8.0,16,2026-03-06,152.17,116.31,188.03
8.0,16,2026-03-13,131.31,71.63,190.99
8.0,16,2026-03-20,133.52,99.43,167.61
8.0,16,2026-03-27,118.04,85.14,150.94
8.0,17,2026-03-06,174.14,134.97,213.31
8.0,17,2026-03-13,186.06,128.22,243.91
8.0,17,2026-03-20,186.11,143.53,228.69
8.0,17,2026-03-27,163.45,129.61,197.29
8.0,18,2026-03-06,333.72,266.43,401.0
8.0,18,2026-03-13,299.62,216.15,383.09
8.0,18,2026-03-20,293.75,235.94,351.56
8.0,18,2026-03-27,257.94,224.1,291.78
8.0,19,2026-03-06,238.07,186.18,289.95
8.0,19,2026-03-13,226.06,171.42,280.71
8.0,19,2026-03-20,215.84,153.66,278.02
8.0,19,2026-03-27,218.05,184.21,251.89
8.0,20,2026-03-06,268.89,214.48,323.3
8.0,20,2026-03-13,247.13,168.71,325.55
8.0,20,2026-03-20,232.37,174.55,290.18
8.0,20,2026-03-27,232.96,199.12,266.8
8.0,21,2026-03-06,232.61,173.45,291.76
8.0,21,2026-03-13,218.01,162.25,273.76
8.0,21,2026-03-20,219.96,165.76,274.16
8.0,21,2026-03-27,214.27,180.43,248.11
8.0,22,2026-03-06,459.56,358.11,561.0
8.0,22,2026-03-13,289.31,205.83,372.78
8.0,22,2026-03-20,287.74,204.2,371.28
8.0,22,2026-03-27,288.66,228.99,348.34
8.0,23,2026-03-06,159.36,127.35,191.36
8.0,23,2026-03-13,155.11,97.94,212.28
8.0,23,2026-03-20,137.14,100.59,173.68
8.0,23,2026-03-27,137.42,103.58,171.26
8.0,24,2026-03-06,325.52,233.8,417.24
8.0,24,2026-03-13,283.41,199.94,366.88
8.0,24,2026-03-20,274.12,218.66,329.58
8.0,24,2026-03-27,241.73,199.08,284.38
8.0,25,2026-03-06,460.02,374.3,545.73
8.0,25,2026-03-13,299.5,216.02,382.97
8.0,25,2026-03-20,287.35,203.81,370.89
8.0,25,2026-03-27,281.47,226.87,336.06
8.0,26,2026-03-06,265.3,187.6,343.0
8.0,26,2026-03-13,241.14,152.45,329.83
8.0,26,2026-03-20,226.69,168.88,284.51
8.0,26,2026-03-27,228.31,194.47,262.15
8.0,27,2026-03-06,107.88,71.5,144.26
8.0,27,2026-03-13,104.31,62.11,146.51
8.0,27,2026-03-20,99.19,66.55,131.82
8.0,27,2026-03-27,101.42,68.9,133.94
8.0,28,2026-03-06,350.39,261.84,438.94
8.0,28,2026-03-13,306.24,222.77,389.71
8.0,28,2026-03-20,298.0,240.19,355.81
8.0,28,2026-03-27,293.61,259.77,327.45
8.0,29,2026-03-06,348.9,232.97,464.83
8.0,29,2026-03-13,280.32,196.85,363.79
8.0,29,2026-03-20,273.72,218.26,329.17
8.0,29,2026-03-27,244.58,201.93,287.23
8.0,30,2026-03-06,232.6,180.86,284.33
8.0,30,2026-03-13,215.6,160.96,270.25
8.0,30,2026-03-20,214.88,152.29,277.47
8.0,30,2026-03-27,207.93,174.09,241.77
8.0,31,2026-03-06,310.21,243.17,377.24
8.0,31,2026-03-13,255.21,171.74,338.68
8.0,31,2026-03-20,238.66,184.64,292.67
8.0,31,2026-03-27,240.05,197.99,282.1
8.0,32,2026-03-06,243.14,178.05,308.24
8.0,32,2026-03-13,223.45,168.81,278.1
8.0,32,2026-03-20,225.81,163.64,287.99
8.0,32,2026-03-27,214.44,180.6,248.28
8.0,33,2026-03-06,325.3,214.7,435.91
8.0,33,2026-03-13,281.01,197.53,364.48
8.0,33,2026-03-20,274.18,218.72,329.64
8.0,33,2026-03-27,245.88,203.24,288.53
8.0,34,2026-03-06,145.12,116.01,174.23
8.0,34,2026-03-13,139.69,87.38,192.01
8.0,34,2026-03-20,127.28,93.19,161.37
8.0,34,2026-03-27,111.21,77.37,145.05
8.0,35,2026-03-06,324.3,222.26,426.34
8.0,35,2026-03-13,282.42,199.31,365.54
8.0,35,2026-03-20,273.53,218.07,328.99
8.0,35,2026-03-27,241.7,199.06,284.35
8.0,36,2026-03-06,451.3,364.3,538.29
8.0,36,2026-03-13,288.02,204.55,371.5
8.0,36,2026-03-20,287.66,203.64,371.67
8.0,36,2026-03-27,290.86,236.26,345.45
8.0,37,2026-03-06,176.92,142.19,211.64
8.0,37,2026-03-13,175.52,117.67,233.36
8.0,37,2026-03-20,160.83,122.48,199.17
8.0,37,2026-03-27,154.97,121.13,188.81
8.0,38,2026-03-06,328.63,270.26,386.99
8.0,38,2026-03-13,296.02,212.55,379.49
8.0,38,2026-03-20,288.43,230.62,346.25
8.0,38,2026-03-27,258.79,224.95,292.63
8.0,39,2026-03-06,248.65,174.56,322.75
8.0,39,2026-03-13,230.43,174.67,286.19
8.0,39,2026-03-20,229.51,172.26,286.76
8.0,39,2026-03-27,217.23,183.39,251.07
8.0,40,2026-03-06,182.17,150.92,213.42
8.0,40,2026-03-13,175.58,121.74,229.41
8.0,40,2026-03-20,157.82,123.73,191.91
8.0,40,2026-03-27,154.53,120.69,188.37
8.0,41,2026-03-06,111.92,76.37,147.46
8.0,41,2026-03-13,104.86,62.59,147.13
8.0,41,2026-03-20,97.1,64.91,129.29
8.0,41,2026-03-27,97.4,65.33,129.47
8.0,42,2026-03-06,217.8,166.17,269.42
8.0,42,2026-03-13,215.27,161.22,269.31
8.0,42,2026-03-20,207.68,145.09,270.27
8.0,42,2026-03-27,183.54,149.7,217.38
8.0,43,2026-03-06,269.78,216.64,322.93
8.0,43,2026-03-13,239.46,158.01,320.92
8.0,43,2026-03-20,242.85,185.04,300.66
8.0,43,2026-03-27,241.21,207.37,275.05
8.0,44,2026-03-06,177.27,143.91,210.64
8.0,44,2026-03-13,175.31,120.33,230.29
8.0,44,2026-03-20,158.43,122.42,194.44
8.0,44,2026-03-27,137.44,103.6,171.28
8.0,45,2026-03-06,440.96,355.94,525.98
8.0,45,2026-03-13,288.46,205.04,371.88
8.0,45,2026-03-20,294.31,210.83,377.79
8.0,45,2026-03-27,283.91,229.32,338.5
8.0,46,2026-03-06,316.3,246.33,386.27
8.0,46,2026-03-13,269.84,186.42,353.26
8.0,46,2026-03-20,238.52,184.51,292.54
8.0,46,2026-03-27,239.11,200.81,277.4
8.0,47,2026-03-06,105.95,72.57,139.33
8.0,47,2026-03-13,105.79,65.77,145.82
8.0,47,2026-03-20,101.05,68.42,133.69
8.0,47,2026-03-27,99.8,67.28,132.32
8.0,48,2026-03-06,269.38,191.27,347.5
8.0,48,2026-03-13,241.97,160.84,323.11
8.0,48,2026-03-20,241.25,185.49,297.01
8.0,48,2026-03-27,232.17,198.33,266.01
8.0,49,2026-03-06,164.23,133.38,195.08
8.0,49,2026-03-13,158.24,103.35,213.13
8.0,49,2026-03-20,142.48,105.93,179.02
8.0,49,2026-03-27,136.89,103.05,170.73
8.0,50,2026-03-06,332.31,247.43,417.2
8.0,50,2026-03-13,284.0,200.54,367.46
8.0,50,2026-03-20,275.0,219.54,330.46
8.0,50,2026-03-27,246.43,203.78,289.08
9.0,1,2026-03-06,92.45,55.95,128.95
9.0,1,2026-03-13,98.08,65.1,131.06
9.0,1,2026-03-20,100.25,68.35,132.15
9.0,1,2026-03-27,99.88,69.28,130.47
9.0,2,2026-03-06,272.27,218.38,326.15
9.0,2,2026-03-13,244.25,162.91,325.59
9.0,2,2026-03-20,253.91,197.07,310.75
9.0,2,2026-03-27,234.21,200.22,268.2
9.0,3,2026-03-06,178.49,131.18,225.8
9.0,3,2026-03-13,190.88,132.56,249.21
9.0,3,2026-03-20,177.89,135.84,219.95
9.0,3,2026-03-27,162.29,128.3,196.28
9.0,4,2026-03-06,98.5,60.83,136.16
9.0,4,2026-03-13,98.56,63.95,133.18
9.0,4,2026-03-20,99.68,67.86,131.5
9.0,4,2026-03-27,100.41,67.58,133.23
9.0,5,2026-03-06,84.94,54.81,115.07
9.0,5,2026-03-13,91.1,63.09,119.11
9.0,5,2026-03-20,89.69,61.48,117.91
9.0,5,2026-03-27,91.72,63.89,119.54
9.0,6,2026-03-06,274.74,217.64,331.84
9.0,6,2026-03-13,245.14,164.19,326.1
9.0,6,2026-03-20,254.01,197.17,310.85
9.0,6,2026-03-27,244.33,210.34,278.33
9.0,7,2026-03-06,261.99,206.79,317.2
9.0,7,2026-03-13,243.06,161.79,324.33
9.0,7,2026-03-20,252.43,195.69,309.17
9.0,7,2026-03-27,237.46,203.46,271.45
9.0,8,2026-03-06,333.89,257.33,410.44
9.0,8,2026-03-13,282.99,199.03,366.95
9.0,8,2026-03-20,276.01,220.09,331.92
9.0,8,2026-03-27,245.53,203.53,287.53
9.0,9,2026-03-06,247.45,187.57,307.34
9.0,9,2026-03-13,231.48,174.87,288.08
9.0,9,2026-03-20,218.27,160.64,275.89
9.0,9,2026-03-27,216.69,182.7,250.68
9.0,10,2026-03-06,318.65,239.46,397.84
9.0,10,2026-03-13,278.5,194.54,362.45
9.0,10,2026-03-20,257.64,201.72,313.55
9.0,10,2026-03-27,242.13,201.11,283.15
9.0,11,2026-03-06,317.15,248.97,385.33
9.0,11,2026-03-13,276.69,192.73,360.65
9.0,11,2026-03-20,240.75,184.83,296.66
9.0,11,2026-03-27,241.79,199.79,283.79
9.0,12,2026-03-06,318.22,239.72,396.72
9.0,12,2026-03-13,267.95,183.99,351.91
9.0,12,2026-03-20,243.54,189.45,297.63
9.0,12,2026-03-27,241.79,205.46,278.13
9.0,13,2026-03-06,336.0,246.54,425.47
9.0,13,2026-03-13,288.59,204.63,372.55
9.0,13,2026-03-20,287.57,199.52,375.63
9.0,13,2026-03-27,269.1,223.69,314.52
9.0,14,2026-03-06,273.27,208.43,338.11
9.0,14,2026-03-13,245.26,157.74,332.79
9.0,14,2026-03-20,252.96,194.66,311.25
9.0,14,2026-03-27,233.01,199.02,267.0
9.0,15,2026-03-06,428.8,341.55,516.05
9.0,15,2026-03-13,291.14,207.18,375.1
9.0,15,2026-03-20,283.37,197.84,368.9
9.0,15,2026-03-27,279.2,214.97,343.43
9.0,16,2026-03-06,106.55,75.27,137.83
9.0,16,2026-03-13,108.66,66.63,150.7
9.0,16,2026-03-20,103.57,69.33,137.81
9.0,16,2026-03-27,106.45,73.22,139.68
9.0,17,2026-03-06,157.96,126.21,189.7
9.0,17,2026-03-13,153.2,101.1,205.3
9.0,17,2026-03-20,144.09,109.86,178.33
9.0,17,2026-03-27,144.72,110.72,178.71
9.0,18,2026-03-06,358.38,247.16,469.6
9.0,18,2026-03-13,286.73,202.77,370.69
9.0,18,2026-03-20,285.9,197.84,373.95
9.0,18,2026-03-27,264.17,221.61,306.72
9.0,19,2026-03-06,201.3,143.25,259.36
9.0,19,2026-03-13,202.83,147.26,258.4
9.0,19,2026-03-20,187.2,131.82,242.59
9.0,19,2026-03-27,175.71,141.72,209.7
9.0,20,2026-03-06,239.43,180.36,298.49
9.0,20,2026-03-13,220.23,165.52,274.95
9.0,20,2026-03-20,218.56,163.05,274.08
9.0,20,2026-03-27,220.62,186.63,254.62
9.0,21,2026-03-06,222.92,182.37,263.47
9.0,21,2026-03-13,208.03,151.27,264.79
9.0,21,2026-03-20,196.01,153.53,238.49
9.0,21,2026-03-27,185.72,151.73,219.71
9.0,22,2026-03-06,335.94,231.49,440.4
9.0,22,2026-03-13,288.59,204.64,372.55
9.0,22,2026-03-20,277.6,221.28,333.93
9.0,22,2026-03-27,248.37,205.82,290.93
9.0,23,2026-03-06,143.57,116.06,171.08
9.0,23,2026-03-13,138.68,91.55,185.81
9.0,23,2026-03-20,117.68,84.36,151.0
9.0,23,2026-03-27,122.77,88.77,156.76
9.0,24,2026-03-06,308.3,260.3,356.31
9.0,24,2026-03-13,240.06,157.42,322.7
9.0,24,2026-03-20,243.42,189.33,297.51
9.0,24,2026-03-27,245.63,211.64,279.62
9.0,25,2026-03-06,355.46,250.27,460.65
9.0,25,2026-03-13,287.53,203.57,371.48
9.0,25,2026-03-20,277.69,221.36,334.01
9.0,25,2026-03-27,248.75,206.2,291.3
9.0,26,2026-03-06,239.45,192.48,286.42
9.0,26,2026-03-13,215.39,160.67,270.11
9.0,26,2026-03-20,220.83,166.13,275.54
9.0,26,2026-03-27,220.1,186.11,254.09
9.0,27,2026-03-06,98.66,58.42,138.9
9.0,27,2026-03-13,98.51,68.04,128.99
9.0,27,2026-03-20,99.37,66.82,131.92
9.0,27,2026-03-27,99.45,67.2,131.71
9.0,28,2026-03-06,371.61,282.02,461.21
9.0,28,2026-03-13,290.4,206.44,374.36
9.0,28,2026-03-20,285.41,201.42,369.39
9.0,28,2026-03-27,281.07,225.98,336.17
9.0,29,2026-03-06,303.1,235.35,370.85
9.0,29,2026-03-13,240.1,156.68,323.53
9.0,29,2026-03-20,235.47,177.17,293.76
9.0,29,2026-03-27,236.6,202.61,270.59
9.0,30,2026-03-06,218.51,177.78,259.25
9.0,30,2026-03-13,203.22,148.85,257.58
9.0,30,2026-03-20,194.5,152.02,236.98
9.0,30,2026-03-27,184.03,150.04,218.02
9.0,31,2026-03-06,274.24,199.66,348.81
9.0,31,2026-03-13,239.3,157.96,320.64
9.0,31,2026-03-20,251.75,195.58,307.93
9.0,31,2026-03-27,236.91,202.92,270.9
9.0,32,2026-03-06,220.69,159.11,282.26
9.0,32,2026-03-13,221.48,166.76,276.2
9.0,32,2026-03-20,220.21,177.73,262.69
9.0,32,2026-03-27,199.06,165.07,233.05
9.0,33,2026-03-06,314.03,262.88,365.18
9.0,33,2026-03-13,273.4,189.44,357.36
9.0,33,2026-03-20,240.46,186.37,294.55
9.0,33,2026-03-27,242.53,206.58,278.48
9.0,34,2026-03-06,116.02,79.42,152.63
9.0,34,2026-03-13,110.69,68.67,152.7
9.0,34,2026-03-20,103.83,70.51,137.15
9.0,34,2026-03-27,104.4,71.17,137.63
9.0,35,2026-03-06,310.76,241.46,380.05
9.0,35,2026-03-13,241.56,160.04,323.08
9.0,35,2026-03-20,241.73,187.64,295.82
9.0,35,2026-03-27,242.75,206.23,279.26
9.0,36,2026-03-06,332.28,259.78,404.77
9.0,36,2026-03-13,284.74,200.78,368.7
9.0,36,2026-03-20,277.69,221.78,333.61
9.0,36,2026-03-27,245.86,203.31,288.41
9.0,37,2026-03-06,148.61,117.49,179.74
9.0,37,2026-03-13,137.95,76.88,199.02
9.0,37,2026-03-20,129.3,95.06,163.53
9.0,37,2026-03-27,121.89,87.9,155.88
9.0,38,2026-03-06,335.83,230.46,441.2
9.0,38,2026-03-13,287.98,204.02,371.94
9.0,38,2026-03-20,280.25,223.92,336.57
9.0,38,2026-03-27,251.52,208.96,294.07
9.0,39,2026-03-06,222.99,156.48,289.5
9.0,39,2026-03-13,222.53,167.07,277.99
9.0,39,2026-03-20,223.32,165.02,281.61
9.0,39,2026-03-27,187.91,153.92,221.9
9.0,40,2026-03-06,150.72,119.57,181.88
9.0,40,2026-03-13,134.53,79.18,189.89
9.0,40,2026-03-20,117.15,82.91,151.38
9.0,40,2026-03-27,122.38,88.38,156.37
9.0,41,2026-03-06,95.15,63.47,126.83
9.0,41,2026-03-13,97.45,65.03,129.88
9.0,41,2026-03-20,99.19,68.27,130.12
9.0,41,2026-03-27,99.24,67.44,131.04
9.0,42,2026-03-06,183.66,141.83,225.49
9.0,42,2026-03-13,191.91,134.26,249.56
9.0,42,2026-03-20,180.26,143.63,216.89
9.0,42,2026-03-27,162.44,128.45,196.43
9.0,43,2026-03-06,243.44,179.5,307.38
9.0,43,2026-03-13,224.51,168.71,280.3
9.0,43,2026-03-20,228.3,170.0,286.59
9.0,43,2026-03-27,216.37,182.38,250.36
9.0,44,2026-03-06,146.31,113.96,178.67
9.0,44,2026-03-13,134.21,87.08,181.34
9.0,44,2026-03-20,112.53,78.3,146.77
9.0,44,2026-03-27,114.52,81.46,147.58
9.0,45,2026-03-06,350.53,238.02,463.04
9.0,45,2026-03-13,284.16,200.2,368.12
9.0,45,2026-03-20,276.75,217.82,335.68
9.0,45,2026-03-27,248.48,205.92,291.03
9.0,46,2026-03-06,272.51,199.49,345.53
9.0,46,2026-03-13,244.96,162.87,327.06
9.0,46,2026-03-20,253.58,196.74,310.42
9.0,46,2026-03-27,237.65,203.65,271.64
9.0,47,2026-03-06,98.36,60.33,136.39
9.0,47,2026-03-13,99.78,66.8,132.76
9.0,47,2026-03-20,100.34,68.94,131.75
9.0,47,2026-03-27,100.01,67.31,132.7
9.0,48,2026-03-06,248.63,176.96,320.3
9.0,48,2026-03-13,227.3,170.69,283.9
9.0,48,2026-03-20,227.63,172.08,283.18
9.0,48,2026-03-27,215.18,181.18,249.17
9.0,49,2026-03-06,166.61,61.05,272.17
9.0,49,2026-03-13,180.34,125.94,234.73
9.0,49,2026-03-20,165.81,114.95,216.68
9.0,49,2026-03-27,141.69,107.98,175.4
9.0,50,2026-03-06,307.18,257.86,356.5
9.0,50,2026-03-13,241.07,157.11,325.03
9.0,50,2026-03-20,243.91,189.82,298.0
9.0,50,2026-03-27,246.99,213.0,280.99
10.0,1,2026-03-06,100.44,52.29,148.58
10.0,1,2026-03-13,95.45,63.19,127.71
10.0,1,2026-03-20,98.38,65.75,131.02
10.0,1,2026-03-27,101.31,69.44,133.18
10.0,2,2026-03-06,285.86,235.58,336.13
10.0,2,2026-03-13,240.69,158.29,323.09
10.0,2,2026-03-20,242.74,189.14,296.35
10.0,2,2026-03-27,244.96,211.12,278.8
10.0,3,2026-03-06,205.76,164.23,247.28
10.0,3,2026-03-13,197.59,139.74,255.43
10.0,3,2026-03-20,189.62,147.04,232.2
10.0,3,2026-03-27,181.61,147.77,215.45
10.0,4,2026-03-06,101.45,67.73,135.17
10.0,4,2026-03-13,96.94,62.42,131.45
10.0,4,2026-03-20,98.64,65.45,131.83
10.0,4,2026-03-27,101.06,67.98,134.14
10.0,5,2026-03-06,82.76,52.04,113.48
10.0,5,2026-03-13,89.28,61.19,117.37
10.0,5,2026-03-20,88.69,58.55,118.83
10.0,5,2026-03-27,90.09,63.16,117.03
10.0,6,2026-03-06,292.82,236.88,348.76
10.0,6,2026-03-13,241.62,158.27,324.98
10.0,6,2026-03-20,243.58,189.98,297.18
10.0,6,2026-03-27,253.71,219.87,287.55
10.0,7,2026-03-06,286.51,235.09,337.92
10.0,7,2026-03-13,239.85,157.82,321.88
10.0,7,2026-03-20,243.15,189.55,296.75
10.0,7,2026-03-27,250.81,216.97,284.65
10.0,8,2026-03-06,334.94,230.02,439.87
10.0,8,2026-03-13,282.88,199.16,366.59
10.0,8,2026-03-20,275.16,213.45,336.86
10.0,8,2026-03-27,261.29,218.64,303.94
10.0,9,2026-03-06,258.23,182.91,333.54
10.0,9,2026-03-13,235.46,178.78,292.15
10.0,9,2026-03-20,230.68,175.73,285.63
10.0,9,2026-03-27,231.1,197.26,264.94
10.0,10,2026-03-06,307.43,239.7,375.15
10.0,10,2026-03-13,272.53,189.3,355.77
10.0,10,2026-03-20,242.48,185.34,299.61
10.0,10,2026-03-27,231.89,198.05,265.73
10.0,11,2026-03-06,326.24,231.09,421.39
10.0,11,2026-03-13,279.35,195.63,363.06
10.0,11,2026-03-20,277.25,220.84,333.66
10.0,11,2026-03-27,239.51,196.86,282.16
10.0,12,2026-03-06,322.0,249.34,394.65
10.0,12,2026-03-13,283.13,199.42,366.85
10.0,12,2026-03-20,261.08,205.08,317.08
10.0,12,2026-03-27,240.84,198.7,282.98
10.0,13,2026-03-06,457.73,366.76,548.69
10.0,13,2026-03-13,294.89,211.17,378.6
10.0,13,2026-03-20,292.2,208.46,375.95
10.0,13,2026-03-27,280.03,216.93,343.13
10.0,14,2026-03-06,286.33,233.98,338.67
10.0,14,2026-03-13,241.23,157.51,324.94
10.0,14,2026-03-20,243.16,189.56,296.76
10.0,14,2026-03-27,245.65,209.8,281.5
10.0,15,2026-03-06,453.87,357.25,550.49
10.0,15,2026-03-13,300.25,216.54,383.97
10.0,15,2026-03-20,290.07,206.32,373.82
10.0,15,2026-03-27,283.06,228.46,337.65
10.0,16,2026-03-06,133.93,103.51,164.34
10.0,16,2026-03-13,108.84,66.4,151.28
10.0,16,2026-03-20,110.8,77.64,143.97
10.0,16,2026-03-27,110.73,77.66,143.8
10.0,17,2026-03-06,178.34,138.75,217.92
10.0,17,2026-03-13,190.02,134.58,245.45
10.0,17,2026-03-20,165.9,123.78,208.02
10.0,17,2026-03-27,156.91,123.07,190.75
10.0,18,2026-03-06,445.74,353.49,537.98
10.0,18,2026-03-13,291.15,207.44,374.87
10.0,18,2026-03-20,283.6,199.91,367.29
10.0,18,2026-03-27,278.05,224.38,331.72
10.0,19,2026-03-06,230.11,185.37,274.85
10.0,19,2026-03-13,217.82,163.58,272.06
10.0,19,2026-03-20,213.33,170.76,255.91
10.0,19,2026-03-27,194.64,160.8,228.48
10.0,20,2026-03-06,236.66,171.41,301.91
10.0,20,2026-03-13,227.74,171.05,284.43
10.0,20,2026-03-20,219.51,161.7,277.32
10.0,20,2026-03-27,215.67,181.83,249.51
10.0,21,2026-03-06,221.3,161.58,281.01
10.0,21,2026-03-13,219.7,165.52,273.89
10.0,21,2026-03-20,210.32,153.4,267.23
10.0,21,2026-03-27,191.14,157.3,224.98
10.0,22,2026-03-06,379.65,288.35,470.95
10.0,22,2026-03-13,290.45,206.74,374.17
10.0,22,2026-03-20,284.73,206.97,362.48
10.0,22,2026-03-27,276.39,229.0,323.77
10.0,23,2026-03-06,154.69,126.4,182.98
10.0,23,2026-03-13,146.29,93.8,198.78
10.0,23,2026-03-20,140.54,106.45,174.63
10.0,23,2026-03-27,139.15,105.31,172.99
10.0,24,2026-03-06,318.85,226.8,410.9
10.0,24,2026-03-13,280.67,196.96,364.39
10.0,24,2026-03-20,242.11,188.51,295.71
10.0,24,2026-03-27,241.63,205.2,278.06
10.0,25,2026-03-06,354.52,243.08,465.96
10.0,25,2026-03-13,290.3,206.58,374.01
10.0,25,2026-03-20,283.66,205.9,361.41
10.0,25,2026-03-27,278.08,235.43,320.72
10.0,26,2026-03-06,240.27,181.62,298.92
10.0,26,2026-03-13,225.01,168.73,281.29
10.0,26,2026-03-20,222.75,168.54,276.95
10.0,26,2026-03-27,215.29,181.45,249.13
10.0,27,2026-03-06,98.72,64.13,133.31
10.0,27,2026-03-13,95.16,52.95,137.36
10.0,27,2026-03-20,98.37,66.17,130.57
10.0,27,2026-03-27,100.29,68.21,132.37
10.0,28,2026-03-06,446.16,358.59,533.74
10.0,28,2026-03-13,294.12,210.41,377.83
10.0,28,2026-03-20,292.35,208.6,376.09
10.0,28,2026-03-27,294.92,231.95,357.9
10.0,29,2026-03-06,321.41,246.0,396.83
10.0,29,2026-03-13,270.73,187.02,354.44
10.0,29,2026-03-20,261.88,208.28,315.48
10.0,29,2026-03-27,238.13,196.07,280.19
10.0,30,2026-03-06,215.06,122.49,307.63
10.0,30,2026-03-13,216.35,161.01,271.69
10.0,30,2026-03-20,209.37,151.56,267.18
10.0,30,2026-03-27,181.63,147.79,215.47
10.0,31,2026-03-06,291.5,241.48,341.51
10.0,31,2026-03-13,239.1,156.7,321.5
10.0,31,2026-03-20,242.81,189.21,296.41
10.0,31,2026-03-27,251.93,218.09,285.77
10.0,32,2026-03-06,236.6,184.5,288.7
10.0,32,2026-03-13,221.53,167.54,275.53
10.0,32,2026-03-20,220.01,165.81,274.21
10.0,32,2026-03-27,217.13,183.29,250.97
10.0,33,2026-03-06,322.47,258.2,386.73
10.0,33,2026-03-13,275.61,191.89,359.32
10.0,33,2026-03-20,249.28,193.28,305.27
10.0,33,2026-03-27,241.38,198.73,284.02
10.0,34,2026-03-06,111.93,83.32,140.54
10.0,34,2026-03-13,109.19,67.08,151.3
10.0,34,2026-03-20,107.82,74.65,140.98
10.0,34,2026-03-27,104.6,71.53,137.67
10.0,35,2026-03-06,312.79,248.38,377.2
10.0,35,2026-03-13,269.21,185.86,352.56
10.0,35,2026-03-20,242.84,189.24,296.44
10.0,35,2026-03-27,242.13,205.7,278.56
10.0,36,2026-03-06,338.57,234.28,442.86
10.0,36,2026-03-13,281.03,197.32,364.74
10.0,36,2026-03-20,275.22,218.81,331.63
10.0,36,2026-03-27,246.41,203.76,289.06
10.0,37,2026-03-06,150.62,120.83,180.4
10.0,37,2026-03-13,144.43,92.21,196.65
10.0,37,2026-03-20,135.85,101.76,169.94
10.0,37,2026-03-27,132.23,98.39,166.07
10.0,38,2026-03-06,394.86,300.01,489.7
10.0,38,2026-03-13,291.01,207.29,374.72
10.0,38,2026-03-20,284.52,200.83,368.21
10.0,38,2026-03-27,278.71,236.06,321.36
10.0,39,2026-03-06,245.01,181.24,308.77
10.0,39,2026-03-13,221.58,165.3,277.86
10.0,39,2026-03-20,222.54,168.34,276.74
10.0,39,2026-03-27,217.02,183.18,250.86
10.0,40,2026-03-06,162.28,93.86,230.71
10.0,40,2026-03-13,180.33,127.09,233.57
10.0,40,2026-03-20,164.44,111.73,217.16
10.0,40,2026-03-27,151.83,117.99,185.67
10.0,41,2026-03-06,100.61,64.4,136.82
10.0,41,2026-03-13,96.22,58.04,134.4
10.0,41,2026-03-20,97.41,65.21,129.6
10.0,41,2026-03-27,100.34,68.72,131.95
10.0,42,2026-03-06,200.34,157.63,243.04
10.0,42,2026-03-13,190.92,134.71,247.12
10.0,42,2026-03-20,189.45,146.87,232.03
10.0,42,2026-03-27,166.87,133.03,200.71
10.0,43,2026-03-06,267.8,192.87,342.73
10.0,43,2026-03-13,249.77,189.05,310.49
10.0,43,2026-03-20,239.9,182.09,297.71
10.0,43,2026-03-27,235.4,201.56,269.24
10.0,44,2026-03-06,154.53,117.79,191.27
10.0,44,2026-03-13,137.4,74.92,199.88
10.0,44,2026-03-20,140.63,106.54,174.72
10.0,44,2026-03-27,132.11,99.21,165.01
10.0,45,2026-03-06,392.29,305.31,479.27
10.0,45,2026-03-13,290.65,206.94,374.37
10.0,45,2026-03-20,283.81,195.95,371.68
10.0,45,2026-03-27,277.88,224.21,331.55
10.0,46,2026-03-06,284.45,227.03,341.88
10.0,46,2026-03-13,240.48,158.57,322.39
10.0,46,2026-03-20,244.16,187.92,300.4
10.0,46,2026-03-27,254.65,220.81,288.49
10.0,47,2026-03-06,104.05,60.85,147.25
10.0,47,2026-03-13,99.1,60.13,138.06
10.0,47,2026-03-20,100.7,68.5,132.91
10.0,47,2026-03-27,103.07,71.22,134.93
10.0,48,2026-03-06,259.83,187.47,332.19
10.0,48,2026-03-13,249.42,192.73,306.11
10.0,48,2026-03-20,234.83,179.04,290.62
10.0,48,2026-03-27,235.4,201.56,269.24
10.0,49,2026-03-06,139.8,102.0,177.61
10.0,49,2026-03-13,139.23,97.12,181.35
10.0,49,2026-03-20,139.4,105.31,173.48
10.0,49,2026-03-27,110.66,76.82,144.5
10.0,50,2026-03-06,299.0,242.16,355.83
10.0,50,2026-03-13,240.94,157.22,324.65
10.0,50,2026-03-20,238.4,182.73,294.08
10.0,50,2026-03-27,238.45,204.61,272.29
,1,2026-03-06,84.65,75.79,93.5
,1,2026-03-13,84.65,75.79,93.5
,1,2026-03-20,84.65,75.79,93.5
,1,2026-03-27,84.65,75.79,93.5
,2,2026-03-06,84.6,72.87,96.34
,2,2026-03-13,84.6,72.87,96.34
,2,2026-03-20,84.6,72.87,96.34
,2,2026-03-27,84.6,72.87,96.34
,3,2026-03-06,85.71,73.98,97.45
,3,2026-03-13,85.71,73.98,97.45
,3,2026-03-20,85.71,73.98,97.45
,3,2026-03-27,85.71,73.98,97.45
,4,2026-03-06,84.6,75.74,93.45
,4,2026-03-13,84.6,75.74,93.45
,4,2026-03-20,84.6,75.74,93.45
,4,2026-03-27,84.6,75.74,93.45
,5,2026-03-06,82.83,74.01,91.65
,5,2026-03-13,82.83,74.01,91.65
,5,2026-03-20,82.83,74.01,91.65
,5,2026-03-27,82.83,74.01,91.65
,6,2026-03-06,82.26,70.53,94.0
,6,2026-03-13,82.26,70.53,94.0
,6,2026-03-20,82.26,70.53,94.0
,6,2026-03-27,82.26,70.53,94.0
,7,2026-03-06,80.74,69.0,92.47
,7,2026-03-13,80.74,69.0,92.47
,7,2026-03-20,80.74,69.0,92.47
,7,2026-03-27,80.74,69.0,92.47
,8,2026-03-06,78.06,66.32,89.79
,8,2026-03-13,78.06,66.32,89.79
,8,2026-03-20,78.06,66.32,89.79
,8,2026-03-27,78.06,66.32,89.79
,9,2026-03-06,83.96,72.23,95.7
,9,2026-03-13,83.96,72.23,95.7
,9,2026-03-20,83.96,72.23,95.7
,9,2026-03-27,83.96,72.23,95.7
,10,2026-03-06,77.75,66.01,89.48
,10,2026-03-13,77.75,66.01,89.48
,10,2026-03-20,77.75,66.01,89.48
,10,2026-03-27,77.75,66.01,89.48
,11,2026-03-06,78.86,67.12,90.59
,11,2026-03-13,78.86,67.12,90.59
,11,2026-03-20,78.86,67.12,90.59
,11,2026-03-27,78.86,67.12,90.59
,12,2026-03-06,79.46,67.73,91.2
,12,2026-03-13,79.46,67.73,91.2
,12,2026-03-20,79.46,67.73,91.2
,12,2026-03-27,79.46,67.73,91.2
,13,2026-03-06,81.1,69.37,92.84
,13,2026-03-13,81.1,69.37,92.84
,13,2026-03-20,81.1,69.37,92.84
,13,2026-03-27,81.1,69.37,92.84
,14,2026-03-06,85.17,73.44,96.91
,14,2026-03-13,85.17,73.44,96.91
,14,2026-03-20,85.17,73.44,96.91
,14,2026-03-27,85.17,73.44,96.91
,15,2026-03-06,78.79,67.06,90.53
,15,2026-03-13,78.79,67.06,90.53
,15,2026-03-20,78.79,67.06,90.53
,15,2026-03-27,78.79,67.06,90.53
,16,2026-03-06,86.28,74.55,98.02
,16,2026-03-13,86.28,74.55,98.02
,16,2026-03-20,86.28,74.55,98.02
,16,2026-03-27,86.28,74.55,98.02
,17,2026-03-06,85.29,73.56,97.03
,17,2026-03-13,85.29,73.56,97.03
,17,2026-03-20,85.29,73.56,97.03
,17,2026-03-27,85.29,73.56,97.03
,18,2026-03-06,79.86,68.12,91.59
,18,2026-03-13,79.86,68.12,91.59
,18,2026-03-20,79.86,68.12,91.59
,18,2026-03-27,79.86,68.12,91.59
,19,2026-03-06,89.62,77.89,101.36
,19,2026-03-13,89.62,77.89,101.36
,19,2026-03-20,89.62,77.89,101.36
,19,2026-03-27,89.62,77.89,101.36
,20,2026-03-06,87.71,75.97,99.44
,20,2026-03-13,87.71,75.97,99.44
,20,2026-03-20,87.71,75.97,99.44
,20,2026-03-27,87.71,75.97,99.44
,21,2026-03-06,87.13,75.39,98.87
,21,2026-03-13,87.13,75.39,98.87
,21,2026-03-20,87.13,75.39,98.87
,21,2026-03-27,87.13,75.39,98.87
,22,2026-03-06,79.04,67.31,90.78
,22,2026-03-13,79.04,67.31,90.78
,22,2026-03-20,79.04,67.31,90.78
,22,2026-03-27,79.04,67.31,90.78
,23,2026-03-06,86.38,74.65,98.12
,23,2026-03-13,86.38,74.65,98.12
,23,2026-03-20,86.38,74.65,98.12
,23,2026-03-27,86.38,74.65,98.12
,24,2026-03-06,82.85,71.12,94.59
,24,2026-03-13,82.85,71.12,94.59
,24,2026-03-20,82.85,71.12,94.59
,24,2026-03-27,82.85,71.12,94.59
,25,2026-03-06,80.47,68.73,92.21
,25,2026-03-13,80.47,68.73,92.21
,25,2026-03-20,80.47,68.73,92.21
,25,2026-03-27,80.47,68.73,92.21
,26,2026-03-06,82.82,71.09,94.56
,26,2026-03-13,82.82,71.09,94.56
,26,2026-03-20,82.82,71.09,94.56
,26,2026-03-27,82.82,71.09,94.56
,27,2026-03-06,84.49,75.64,93.35
,27,2026-03-13,84.49,75.64,93.35
,27,2026-03-20,84.49,75.64,93.35
,27,2026-03-27,84.49,75.64,93.35
,28,2026-03-06,79.68,67.94,91.42
,28,2026-03-13,79.68,67.94,91.42
,28,2026-03-20,79.68,67.94,91.42
,28,2026-03-27,79.68,67.94,91.42
,29,2026-03-06,79.73,67.99,91.46
,29,2026-03-13,79.73,67.99,91.46
,29,2026-03-20,79.73,67.99,91.46
,29,2026-03-27,79.73,67.99,91.46
,30,2026-03-06,85.89,74.15,97.63
,30,2026-03-13,85.89,74.15,97.63
,30,2026-03-20,85.89,74.15,97.63
,30,2026-03-27,85.89,74.15,97.63
,31,2026-03-06,81.69,69.95,93.42
,31,2026-03-13,81.69,69.95,93.42
,31,2026-03-20,81.69,69.95,93.42
,31,2026-03-27,81.69,69.95,93.42
,32,2026-03-06,84.95,73.22,96.69
,32,2026-03-13,84.95,73.22,96.69
,32,2026-03-20,84.95,73.22,96.69
,32,2026-03-27,84.95,73.22,96.69
,33,2026-03-06,78.16,66.42,89.9
,33,2026-03-13,78.16,66.42,89.9
,33,2026-03-20,78.16,66.42,89.9
,33,2026-03-27,78.16,66.42,89.9
,34,2026-03-06,86.81,75.08,98.55
,34,2026-03-13,86.81,75.08,98.55
,34,2026-03-20,86.81,75.08,98.55
,34,2026-03-27,86.81,75.08,98.55
,35,2026-03-06,78.63,66.89,90.36
,35,2026-03-13,78.63,66.89,90.36
,35,2026-03-20,78.63,66.89,90.36
,35,2026-03-27,78.63,66.89,90.36
,36,2026-03-06,80.52,68.79,92.26
,36,2026-03-13,80.52,68.79,92.26
,36,2026-03-20,80.52,68.79,92.26
,36,2026-03-27,80.52,68.79,92.26
,37,2026-03-06,86.09,74.35,97.83
,37,2026-03-13,86.09,74.35,97.83
,37,2026-03-20,86.09,74.35,97.83
,37,2026-03-27,86.09,74.35,97.83
,38,2026-03-06,79.54,67.8,91.27
,38,2026-03-13,79.54,67.8,91.27
,38,2026-03-20,79.54,67.8,91.27
,38,2026-03-27,79.54,67.8,91.27
,39,2026-03-06,86.17,74.44,97.91
,39,2026-03-13,86.17,74.44,97.91
,39,2026-03-20,86.17,74.44,97.91
,39,2026-03-27,86.17,74.44,97.91
,40,2026-03-06,86.38,74.64,98.12
,40,2026-03-13,86.38,74.64,98.12
,40,2026-03-20,86.38,74.64,98.12
,40,2026-03-27,86.38,74.64,98.12
,41,2026-03-06,83.39,74.54,92.25
,41,2026-03-13,83.39,74.54,92.25
,41,2026-03-20,83.39,74.54,92.25
,41,2026-03-27,83.39,74.54,92.25
,42,2026-03-06,86.53,74.79,98.27
,42,2026-03-13,86.53,74.79,98.27
,42,2026-03-20,86.53,74.79,98.27
,42,2026-03-27,86.53,74.79,98.27
,43,2026-03-06,82.72,70.99,94.46
,43,2026-03-13,82.72,70.99,94.46
,43,2026-03-20,82.72,70.99,94.46
,43,2026-03-27,82.72,70.99,94.46
,44,2026-03-06,86.38,74.64,98.12
,44,2026-03-13,86.38,74.64,98.12
,44,2026-03-20,86.38,74.64,98.12
,44,2026-03-27,86.38,74.64,98.12
,45,2026-03-06,79.46,67.72,91.2
,45,2026-03-13,79.46,67.72,91.2
,45,2026-03-20,79.46,67.72,91.2
,45,2026-03-27,79.46,67.72,91.2
,46,2026-03-06,84.34,72.6,96.07
,46,2026-03-13,84.34,72.6,96.07
,46,2026-03-20,84.34,72.6,96.07
,46,2026-03-27,84.34,72.6,96.07
,47,2026-03-06,85.67,76.81,94.52
,47,2026-03-13,85.67,76.81,94.52
,47,2026-03-20,85.67,76.81,94.52
,47,2026-03-27,85.67,76.81,94.52
,48,2026-03-06,82.53,70.79,94.27
,48,2026-03-13,82.53,70.79,94.27
,48,2026-03-20,82.53,70.79,94.27
,48,2026-03-27,82.53,70.79,94.27
,49,2026-03-06,86.36,74.62,98.1
,49,2026-03-13,86.36,74.62,98.1
,49,2026-03-20,86.36,74.62,98.1
,49,2026-03-27,86.36,74.62,98.1
,50,2026-03-06,82.96,71.23,94.7
,50,2026-03-13,82.96,71.23,94.7
,50,2026-03-20,82.96,71.23,94.7
,50,2026-03-27,82.96,71.23,94.7
