Store,Product,Date,Demand,Predicted
store_1,item_1,2024-01-05,121,265.9
store_1,item_10,2024-01-05,51,113.53
store_1,item_11,2024-01-05,80,128.86
store_1,item_12,2024-01-05,51,106.94
store_1,item_13,2024-01-05,123,228.83
store_1,item_14,2024-01-05,71,125.63
store_1,item_15,2024-01-05,59,105.12
store_1,item_16,2024-01-05,111,180.92
store_1,item_17,2024-01-05,39,83.97
store_1,item_18,2024-01-05,96,226.62
store_1,item_19,2024-01-05,44,67.96
store_1,item_2,2024-01-05,102,224.34
store_1,item_20,2024-01-05,152,272.09
store_1,item_21,2024-01-05,122,237.25
store_1,item_22,2024-01-05,53,95.55
store_1,item_23,2024-01-05,36,60.54
store_1,item_24,2024-01-05,98,225.2
store_1,item_25,2024-01-05,92,207.94
store_1,item_26,2024-01-05,98,218.45
store_1,item_27,2024-01-05,122,235.74
store_1,item_28,2024-01-05,45,70.23
store_1,item_29,2024-01-05,61,120.87
store_1,item_3,2024-01-05,130,252.93
store_1,item_30,2024-01-05,43,75.72
store_1,item_31,2024-01-05,118,241.71
store_1,item_32,2024-01-05,109,207.04
store_1,item_33,2024-01-05,70,108.2
store_1,item_34,2024-01-05,36,68.64
store_1,item_35,2024-01-05,73,114.79
store_1,item_36,2024-01-05,68,112.6
store_1,item_37,2024-01-05,99,214.01
store_1,item_38,2024-01-05,110,208.94
store_1,item_39,2024-01-05,113,243.49
store_1,item_4,2024-01-05,134,252.49
store_1,item_40,2024-01-05,84,156.69
store_1,item_41,2024-01-05,41,81.48
store_1,item_42,2024-01-05,101,202.38
store_1,item_43,2024-01-05,93,218.92
store_1,item_44,2024-01-05,108,182.32
store_1,item_45,2024-01-05,127,227.13
store_1,item_46,2024-01-05,84,168.86
store_1,item_47,2024-01-05,70,168.42
store_1,item_48,2024-01-05,63,132.32
store_1,item_49,2024-01-05,35,60.05
store_1,item_5,2024-01-05,91,174.24
store_1,item_50,2024-01-05,55,78.64
store_1,item_6,2024-01-05,119,253.16
store_1,item_7,2024-01-05,43,75.42
store_1,item_8,2024-01-05,47,94.67
store_1,item_9,2024-01-05,38,65.85
store_10,item_1,2024-01-05,138,268.7
store_10,item_10,2024-01-05,81,151.26
store_10,item_11,2024-01-05,71,164.21
store_10,item_12,2024-01-05,66,120.13
store_10,item_13,2024-01-05,120,267.17
store_10,item_14,2024-01-05,71,162.99
store_10,item_15,2024-01-05,58,120.27
store_10,item_16,2024-01-05,114,209.05
store_10,item_17,2024-01-05,48,100.13
store_10,item_18,2024-01-05,143,262.2
store_10,item_19,2024-01-05,45,88.09
store_10,item_2,2024-01-05,128,252.16
store_10,item_20,2024-01-05,140,269.69
store_10,item_21,2024-01-05,119,248.47
store_10,item_22,2024-01-05,56,105.97
store_10,item_23,2024-01-05,25,68.08
store_10,item_24,2024-01-05,138,272.76
store_10,item_25,2024-01-05,113,250.62
store_10,item_26,2024-01-05,119,248.73
store_10,item_27,2024-01-05,122,265.94
store_10,item_28,2024-01-05,40,84.52
store_10,item_29,2024-01-05,86,140.5
store_10,item_3,2024-01-05,137,267.89
store_10,item_30,2024-01-05,50,95.74
store_10,item_31,2024-01-05,127,269.08
store_10,item_32,2024-01-05,99,220.02
store_10,item_33,2024-01-05,72,126.86
store_10,item_34,2024-01-05,42,80.99
store_10,item_35,2024-01-05,79,133.87
store_10,item_36,2024-01-05,72,125.2
store_10,item_37,2024-01-05,129,254.23
store_10,item_38,2024-01-05,127,238.45
store_10,item_39,2024-01-05,126,268.6
store_10,item_4,2024-01-05,130,267.94
store_10,item_40,2024-01-05,86,184.51
store_10,item_41,2024-01-05,57,86.94
store_10,item_42,2024-01-05,98,244.46
store_10,item_43,2024-01-05,124,243.68
store_10,item_44,2024-01-05,120,211.55
store_10,item_45,2024-01-05,116,263.99
store_10,item_46,2024-01-05,103,206.72
store_10,item_47,2024-01-05,133,208.79
store_10,item_48,2024-01-05,82,171.97
store_10,item_49,2024-01-05,39,74.29
store_10,item_5,2024-01-05,100,210.31
store_10,item_50,2024-01-05,53,90.66
store_10,item_6,2024-01-05,134,267.61
store_10,item_7,2024-01-05,43,87.27
store_10,item_8,2024-01-05,55,106.07
store_10,item_9,2024-01-05,29,76.81
store_11,item_1,2024-01-05,122,232.09
store_11,item_10,2024-01-05,61,96.76
store_11,item_11,2024-01-05,63,103.77
store_11,item_12,2024-01-05,48,84.47
store_11,item_13,2024-01-05,95,189.35
store_11,item_14,2024-01-05,50,100.76
store_11,item_15,2024-01-05,52,88.49
store_11,item_16,2024-01-05,65,156.08
store_11,item_17,2024-01-05,39,69.4
store_11,item_18,2024-01-05,108,208.2
store_11,item_19,2024-01-05,38,63.62
store_11,item_2,2024-01-05,91,176.95
store_11,item_20,2024-01-05,106,223.92
store_11,item_21,2024-01-05,90,181.96
store_11,item_22,2024-01-05,46,80.21
store_11,item_23,2024-01-05,30,59.34
store_11,item_24,2024-01-05,122,207.52
store_11,item_25,2024-01-05,78,175.65
store_11,item_26,2024-01-05,93,182.89
store_11,item_27,2024-01-05,85,186.22
store_11,item_28,2024-01-05,43,62.78
store_11,item_29,2024-01-05,50,96.95
store_11,item_3,2024-01-05,135,239.09
store_11,item_30,2024-01-05,42,64.02
store_11,item_31,2024-01-05,115,208.75
store_11,item_32,2024-01-05,73,169.33
store_11,item_33,2024-01-05,64,101.59
store_11,item_34,2024-01-05,32,59.59
store_11,item_35,2024-01-05,69,104.77
store_11,item_36,2024-01-05,45,102.64
store_11,item_37,2024-01-05,86,184.16
store_11,item_38,2024-01-05,79,175.96
store_11,item_39,2024-01-05,99,199.19
store_11,item_4,2024-01-05,96,210.69
store_11,item_40,2024-01-05,68,119.95
store_11,item_41,2024-01-05,49,65.21
store_11,item_42,2024-01-05,78,176.03
store_11,item_43,2024-01-05,97,203.1
store_11,item_44,2024-01-05,69,141.38
store_11,item_45,2024-01-05,98,186.12
store_11,item_46,2024-01-05,67,120.95
store_11,item_47,2024-01-05,72,123.28
store_11,item_48,2024-01-05,77,111.86
store_11,item_49,2024-01-05,20,59.46
store_11,item_5,2024-01-05,76,167.28
store_11,item_50,2024-01-05,42,70.18
store_11,item_6,2024-01-05,100,207.99
store_11,item_7,2024-01-05,30,63.68
store_11,item_8,2024-01-05,43,77.23
store_11,item_9,2024-01-05,39,61.97
store_12,item_1,2024-01-05,156,270.7
store_12,item_10,2024-01-05,80,158.43
store_12,item_11,2024-01-05,79,185.45
store_12,item_12,2024-01-05,80,164.2
store_12,item_13,2024-01-05,130,269.11
store_12,item_14,2024-01-05,94,183.64
store_12,item_15,2024-01-05,80,157.63
store_12,item_16,2024-01-05,109,226.12
store_12,item_17,2024-01-05,59,99.05
store_12,item_18,2024-01-05,179,274.87
store_12,item_19,2024-01-05,53,83.33
store_12,item_2,2024-01-05,124,269.29
store_12,item_20,2024-01-05,149,269.22
store_12,item_21,2024-01-05,134,267.62
store_12,item_22,2024-01-05,60,115.64
store_12,item_23,2024-01-05,42,77.45
store_12,item_24,2024-01-05,135,268.04
store_12,item_25,2024-01-05,142,272.5
store_12,item_26,2024-01-05,119,265.76
store_12,item_27,2024-01-05,136,265.57
store_12,item_28,2024-01-05,55,93.51
store_12,item_29,2024-01-05,110,183.03
store_12,item_3,2024-01-05,161,270.19
store_12,item_30,2024-01-05,51,97.9
store_12,item_31,2024-01-05,169,275.7
store_12,item_32,2024-01-05,109,229.62
store_12,item_33,2024-01-05,82,175.82
store_12,item_34,2024-01-05,52,80.92
store_12,item_35,2024-01-05,78,155.01
store_12,item_36,2024-01-05,86,168.52
store_12,item_37,2024-01-05,147,271.35
store_12,item_38,2024-01-05,142,258.19
store_12,item_39,2024-01-05,160,278.11
store_12,item_4,2024-01-05,158,270.15
store_12,item_40,2024-01-05,108,208.32
store_12,item_41,2024-01-05,56,99.58
store_12,item_42,2024-01-05,151,272.29
store_12,item_43,2024-01-05,129,268.02
store_12,item_44,2024-01-05,108,224.24
store_12,item_45,2024-01-05,129,268.44
store_12,item_46,2024-01-05,116,217.9
store_12,item_47,2024-01-05,106,209.84
store_12,item_48,2024-01-05,99,186.19
store_12,item_49,2024-01-05,39,79.11
store_12,item_5,2024-01-05,123,252.17
store_12,item_50,2024-01-05,42,99.39
store_12,item_6,2024-01-05,139,270.51
store_12,item_7,2024-01-05,50,90.32
store_12,item_8,2024-01-05,66,111.06
store_12,item_9,2024-01-05,48,79.22
store_13,item_1,2024-01-05,180,277.19
store_13,item_10,2024-01-05,69,146.08
store_13,item_11,2024-01-05,65,171.21
store_13,item_12,2024-01-05,66,122.45
store_13,item_13,2024-01-05,129,269.07
store_13,item_14,2024-01-05,84,181.04
store_13,item_15,2024-01-05,63,125.73
store_13,item_16,2024-01-05,93,199.95
store_13,item_17,2024-01-05,48,95.9
store_13,item_18,2024-01-05,128,267.67
store_13,item_19,2024-01-05,57,85.13
store_13,item_2,2024-01-05,121,253.71
store_13,item_20,2024-01-05,150,270.39
store_13,item_21,2024-01-05,128,268.68
store_13,item_22,2024-01-05,55,108.58
store_13,item_23,2024-01-05,41,73.98
store_13,item_24,2024-01-05,126,267.19
store_13,item_25,2024-01-05,110,244.9
store_13,item_26,2024-01-05,144,262.37
store_13,item_27,2024-01-05,136,271.94
store_13,item_28,2024-01-05,64,81.88
store_13,item_29,2024-01-05,94,180.49
store_13,item_3,2024-01-05,150,270.6
store_13,item_30,2024-01-05,51,91.7
store_13,item_31,2024-01-05,135,270.08
store_13,item_32,2024-01-05,107,229.43
store_13,item_33,2024-01-05,84,147.48
store_13,item_34,2024-01-05,43,77.77
store_13,item_35,2024-01-05,77,145.03
store_13,item_36,2024-01-05,72,148.55
store_13,item_37,2024-01-05,124,254.76
store_13,item_38,2024-01-05,104,236.81
store_13,item_39,2024-01-05,131,267.42
store_13,item_4,2024-01-05,161,276.22
store_13,item_40,2024-01-05,95,194.54
store_13,item_41,2024-01-05,50,94.5
store_13,item_42,2024-01-05,143,262.98
store_13,item_43,2024-01-05,126,265.57
store_13,item_44,2024-01-05,123,227.52
store_13,item_45,2024-01-05,124,266.03
store_13,item_46,2024-01-05,90,196.52
store_13,item_47,2024-01-05,104,201.79
store_13,item_48,2024-01-05,86,175.71
store_13,item_49,2024-01-05,44,82.78
store_13,item_5,2024-01-05,112,219.85
store_13,item_50,2024-01-05,43,88.7
store_13,item_6,2024-01-05,189,275.43
store_13,item_7,2024-01-05,44,89.72
store_13,item_8,2024-01-05,67,107.59
store_13,item_9,2024-01-05,41,76.01
store_14,item_1,2024-01-05,116,244.31
store_14,item_10,2024-01-05,54,108.56
store_14,item_11,2024-01-05,60,114.16
store_14,item_12,2024-01-05,58,102.66
store_14,item_13,2024-01-05,91,226.63
store_14,item_14,2024-01-05,65,113.15
store_14,item_15,2024-01-05,56,100.07
store_14,item_16,2024-01-05,93,171.66
store_14,item_17,2024-01-05,34,77.86
store_14,item_18,2024-01-05,119,231.2
store_14,item_19,2024-01-05,49,68.23
store_14,item_2,2024-01-05,84,207.0
store_14,item_20,2024-01-05,108,243.88
store_14,item_21,2024-01-05,103,208.94
store_14,item_22,2024-01-05,51,89.95
store_14,item_23,2024-01-05,27,59.95
store_14,item_24,2024-01-05,99,217.42
store_14,item_25,2024-01-05,102,208.62
store_14,item_26,2024-01-05,108,209.15
store_14,item_27,2024-01-05,89,206.63
store_14,item_28,2024-01-05,42,68.47
store_14,item_29,2024-01-05,56,114.29
store_14,item_3,2024-01-05,112,243.42
store_14,item_30,2024-01-05,38,76.14
store_14,item_31,2024-01-05,101,225.82
store_14,item_32,2024-01-05,85,170.23
store_14,item_33,2024-01-05,58,106.39
store_14,item_34,2024-01-05,41,66.03
store_14,item_35,2024-01-05,62,104.84
store_14,item_36,2024-01-05,62,108.31
store_14,item_37,2024-01-05,99,193.71
store_14,item_38,2024-01-05,90,175.11
store_14,item_39,2024-01-05,120,243.94
store_14,item_4,2024-01-05,114,228.6
store_14,item_40,2024-01-05,84,145.28
store_14,item_41,2024-01-05,32,76.97
store_14,item_42,2024-01-05,96,186.14
store_14,item_43,2024-01-05,96,201.74
store_14,item_44,2024-01-05,84,163.36
store_14,item_45,2024-01-05,98,195.38
store_14,item_46,2024-01-05,79,155.8
store_14,item_47,2024-01-05,74,161.33
store_14,item_48,2024-01-05,60,119.33
store_14,item_49,2024-01-05,25,60.65
store_14,item_5,2024-01-05,94,192.84
store_14,item_50,2024-01-05,46,72.59
store_14,item_6,2024-01-05,113,229.36
store_14,item_7,2024-01-05,37,67.4
store_14,item_8,2024-01-05,56,91.18
store_14,item_9,2024-01-05,33,68.51
store_15,item_1,2024-01-05,111,229.87
store_15,item_10,2024-01-05,55,101.62
store_15,item_11,2024-01-05,60,112.78
store_15,item_12,2024-01-05,59,102.24
store_15,item_13,2024-01-05,105,224.34
store_15,item_14,2024-01-05,74,109.79
store_15,item_15,2024-01-05,55,99.35
store_15,item_16,2024-01-05,89,170.67
store_15,item_17,2024-01-05,56,77.06
store_15,item_18,2024-01-05,110,224.7
store_15,item_19,2024-01-05,32,64.64
store_15,item_2,2024-01-05,97,190.0
store_15,item_20,2024-01-05,129,252.92
store_15,item_21,2024-01-05,89,200.79
store_15,item_22,2024-01-05,49,82.1
store_15,item_23,2024-01-05,34,59.66
store_15,item_24,2024-01-05,110,200.67
store_15,item_25,2024-01-05,88,187.04
store_15,item_26,2024-01-05,89,185.76
store_15,item_27,2024-01-05,95,202.38
store_15,item_28,2024-01-05,34,69.59
store_15,item_29,2024-01-05,61,109.69
store_15,item_3,2024-01-05,105,225.19
store_15,item_30,2024-01-05,51,78.02
store_15,item_31,2024-01-05,112,225.09
store_15,item_32,2024-01-05,87,176.54
store_15,item_33,2024-01-05,57,104.69
store_15,item_34,2024-01-05,44,65.9
store_15,item_35,2024-01-05,72,104.77
store_15,item_36,2024-01-05,73,115.17
store_15,item_37,2024-01-05,86,185.28
store_15,item_38,2024-01-05,78,184.77
store_15,item_39,2024-01-05,119,244.09
store_15,item_4,2024-01-05,103,225.05
store_15,item_40,2024-01-05,72,120.02
store_15,item_41,2024-01-05,42,75.12
store_15,item_42,2024-01-05,115,202.52
store_15,item_43,2024-01-05,102,187.58
store_15,item_44,2024-01-05,89,178.93
store_15,item_45,2024-01-05,95,198.0
store_15,item_46,2024-01-05,69,156.63
store_15,item_47,2024-01-05,73,164.13
store_15,item_48,2024-01-05,67,121.67
store_15,item_49,2024-01-05,33,59.2
store_15,item_5,2024-01-05,73,169.48
store_15,item_50,2024-01-05,36,76.99
store_15,item_6,2024-01-05,101,229.73
store_15,item_7,2024-01-05,46,68.91
store_15,item_8,2024-01-05,50,81.46
store_15,item_9,2024-01-05,41,65.17
store_16,item_1,2024-01-05,115,249.47
store_16,item_10,2024-01-05,64,107.9
store_16,item_11,2024-01-05,61,112.7
store_16,item_12,2024-01-05,58,99.79
store_16,item_13,2024-01-05,100,202.18
store_16,item_14,2024-01-05,64,112.96
store_16,item_15,2024-01-05,60,105.48
store_16,item_16,2024-01-05,103,175.94
store_16,item_17,2024-01-05,41,76.13
store_16,item_18,2024-01-05,95,211.53
store_16,item_19,2024-01-05,32,64.19
store_16,item_2,2024-01-05,126,215.32
store_16,item_20,2024-01-05,140,258.61
store_16,item_21,2024-01-05,114,210.62
store_16,item_22,2024-01-05,28,83.77
store_16,item_23,2024-01-05,20,60.47
store_16,item_24,2024-01-05,104,218.45
store_16,item_25,2024-01-05,85,185.98
store_16,item_26,2024-01-05,85,195.68
store_16,item_27,2024-01-05,99,201.45
store_16,item_28,2024-01-05,43,64.97
store_16,item_29,2024-01-05,71,114.31
store_16,item_3,2024-01-05,114,236.77
store_16,item_30,2024-01-05,38,76.45
store_16,item_31,2024-01-05,103,207.5
store_16,item_32,2024-01-05,99,181.81
store_16,item_33,2024-01-05,63,105.45
store_16,item_34,2024-01-05,36,64.55
store_16,item_35,2024-01-05,60,102.63
store_16,item_36,2024-01-05,55,97.08
store_16,item_37,2024-01-05,96,190.25
store_16,item_38,2024-01-05,83,176.89
store_16,item_39,2024-01-05,105,224.23
store_16,item_4,2024-01-05,105,229.23
store_16,item_40,2024-01-05,79,135.26
store_16,item_41,2024-01-05,35,75.69
store_16,item_42,2024-01-05,85,185.19
store_16,item_43,2024-01-05,97,188.09
store_16,item_44,2024-01-05,82,168.02
store_16,item_45,2024-01-05,116,206.12
store_16,item_46,2024-01-05,86,163.98
store_16,item_47,2024-01-05,79,146.86
store_16,item_48,2024-01-05,68,128.97
store_16,item_49,2024-01-05,37,62.41
store_16,item_5,2024-01-05,97,182.66
store_16,item_50,2024-01-05,47,74.37
store_16,item_6,2024-01-05,110,235.76
store_16,item_7,2024-01-05,43,69.52
store_16,item_8,2024-01-05,44,93.98
store_16,item_9,2024-01-05,31,61.01
store_17,item_1,2024-01-05,128,251.91
store_17,item_10,2024-01-05,59,109.66
store_17,item_11,2024-01-05,80,129.31
store_17,item_12,2024-01-05,58,100.5
store_17,item_13,2024-01-05,111,234.81
store_17,item_14,2024-01-05,55,118.09
store_17,item_15,2024-01-05,56,109.39
store_17,item_16,2024-01-05,74,167.57
store_17,item_17,2024-01-05,40,78.05
store_17,item_18,2024-01-05,102,222.83
store_17,item_19,2024-01-05,37,72.49
store_17,item_2,2024-01-05,109,231.9
store_17,item_20,2024-01-05,138,272.43
store_17,item_21,2024-01-05,119,226.47
store_17,item_22,2024-01-05,51,91.25
store_17,item_23,2024-01-05,30,58.82
store_17,item_24,2024-01-05,129,247.1
store_17,item_25,2024-01-05,101,192.09
store_17,item_26,2024-01-05,106,224.08
store_17,item_27,2024-01-05,109,210.44
store_17,item_28,2024-01-05,47,66.45
store_17,item_29,2024-01-05,59,115.71
store_17,item_3,2024-01-05,131,255.16
store_17,item_30,2024-01-05,46,76.15
store_17,item_31,2024-01-05,130,252.93
store_17,item_32,2024-01-05,88,175.35
store_17,item_33,2024-01-05,60,114.12
store_17,item_34,2024-01-05,35,69.75
store_17,item_35,2024-01-05,65,118.02
store_17,item_36,2024-01-05,62,107.9
store_17,item_37,2024-01-05,93,203.86
store_17,item_38,2024-01-05,98,183.86
store_17,item_39,2024-01-05,127,248.56
store_17,item_4,2024-01-05,105,243.81
store_17,item_40,2024-01-05,73,155.89
store_17,item_41,2024-01-05,39,79.25
store_17,item_42,2024-01-05,106,200.23
store_17,item_43,2024-01-05,100,215.49
store_17,item_44,2024-01-05,96,184.69
store_17,item_45,2024-01-05,105,222.93
store_17,item_46,2024-01-05,86,179.47
store_17,item_47,2024-01-05,88,182.29
store_17,item_48,2024-01-05,65,123.99
store_17,item_49,2024-01-05,33,64.61
store_17,item_5,2024-01-05,74,176.22
store_17,item_50,2024-01-05,41,77.23
store_17,item_6,2024-01-05,117,250.64
store_17,item_7,2024-01-05,45,69.37
store_17,item_8,2024-01-05,51,89.96
store_17,item_9,2024-01-05,36,65.3
store_18,item_1,2024-01-05,157,275.42
store_18,item_10,2024-01-05,86,129.51
store_18,item_11,2024-01-05,75,124.57
store_18,item_12,2024-01-05,75,122.56
store_18,item_13,2024-01-05,124,254.28
store_18,item_14,2024-01-05,67,119.77
store_18,item_15,2024-01-05,52,115.38
store_18,item_16,2024-01-05,90,182.93
store_18,item_17,2024-01-05,43,89.15
store_18,item_18,2024-01-05,107,243.63
store_18,item_19,2024-01-05,51,78.36
store_18,item_2,2024-01-05,112,242.44
store_18,item_20,2024-01-05,133,268.34
store_18,item_21,2024-01-05,105,242.36
store_18,item_22,2024-01-05,45,98.23
store_18,item_23,2024-01-05,37,63.18
store_18,item_24,2024-01-05,114,246.51
store_18,item_25,2024-01-05,106,224.25
store_18,item_26,2024-01-05,142,244.0
store_18,item_27,2024-01-05,110,245.8
store_18,item_28,2024-01-05,49,75.98
store_18,item_29,2024-01-05,70,130.22
store_18,item_3,2024-01-05,120,269.21
store_18,item_30,2024-01-05,53,82.94
store_18,item_31,2024-01-05,142,264.1
store_18,item_32,2024-01-05,147,207.89
store_18,item_33,2024-01-05,67,119.99
store_18,item_34,2024-01-05,43,77.21
store_18,item_35,2024-01-05,64,114.08
store_18,item_36,2024-01-05,81,127.27
store_18,item_37,2024-01-05,103,219.18
store_18,item_38,2024-01-05,88,205.79
store_18,item_39,2024-01-05,116,266.32
store_18,item_4,2024-01-05,124,267.18
store_18,item_40,2024-01-05,87,170.8
store_18,item_41,2024-01-05,41,77.66
store_18,item_42,2024-01-05,100,224.78
store_18,item_43,2024-01-05,113,229.3
store_18,item_44,2024-01-05,91,185.9
store_18,item_45,2024-01-05,120,242.19
store_18,item_46,2024-01-05,92,170.75
store_18,item_47,2024-01-05,97,187.22
store_18,item_48,2024-01-05,87,181.71
store_18,item_49,2024-01-05,36,64.96
store_18,item_5,2024-01-05,104,220.05
store_18,item_50,2024-01-05,45,82.73
store_18,item_6,2024-01-05,149,273.93
store_18,item_7,2024-01-05,52,78.69
store_18,item_8,2024-01-05,57,98.79
store_18,item_9,2024-01-05,36,71.16
store_19,item_1,2024-01-05,122,266.85
store_19,item_10,2024-01-05,75,124.69
store_19,item_11,2024-01-05,75,121.27
store_19,item_12,2024-01-05,54,110.72
store_19,item_13,2024-01-05,107,246.02
store_19,item_14,2024-01-05,64,121.67
store_19,item_15,2024-01-05,57,106.99
store_19,item_16,2024-01-05,101,186.03
store_19,item_17,2024-01-05,50,83.12
store_19,item_18,2024-01-05,107,235.47
store_19,item_19,2024-01-05,40,77.22
store_19,item_2,2024-01-05,101,243.32
store_19,item_20,2024-01-05,129,265.7
store_19,item_21,2024-01-05,128,247.2
store_19,item_22,2024-01-05,44,97.54
store_19,item_23,2024-01-05,34,63.44
store_19,item_24,2024-01-05,120,247.18
store_19,item_25,2024-01-05,94,200.63
store_19,item_26,2024-01-05,106,227.47
store_19,item_27,2024-01-05,136,242.42
store_19,item_28,2024-01-05,42,77.3
store_19,item_29,2024-01-05,70,121.8
store_19,item_3,2024-01-05,157,272.82
store_19,item_30,2024-01-05,54,83.48
store_19,item_31,2024-01-05,123,243.51
store_19,item_32,2024-01-05,91,186.15
store_19,item_33,2024-01-05,60,113.96
store_19,item_34,2024-01-05,31,71.16
store_19,item_35,2024-01-05,67,108.15
store_19,item_36,2024-01-05,70,109.98
store_19,item_37,2024-01-05,111,233.03
store_19,item_38,2024-01-05,82,194.19
store_19,item_39,2024-01-05,117,253.77
store_19,item_4,2024-01-05,127,249.82
store_19,item_40,2024-01-05,83,182.67
store_19,item_41,2024-01-05,58,80.28
store_19,item_42,2024-01-05,102,223.21
store_19,item_43,2024-01-05,106,225.71
store_19,item_44,2024-01-05,82,175.48
store_19,item_45,2024-01-05,121,231.75
store_19,item_46,2024-01-05,86,171.18
store_19,item_47,2024-01-05,82,177.35
store_19,item_48,2024-01-05,71,166.08
store_19,item_49,2024-01-05,35,65.06
store_19,item_5,2024-01-05,89,185.9
store_19,item_50,2024-01-05,42,80.42
store_19,item_6,2024-01-05,134,265.33
store_19,item_7,2024-01-05,44,71.8
store_19,item_8,2024-01-05,57,97.6
store_19,item_9,2024-01-05,45,69.52
store_2,item_1,2024-01-05,164,271.56
store_2,item_10,2024-01-05,79,169.2
store_2,item_11,2024-01-05,88,174.86
store_2,item_12,2024-01-05,73,129.45
store_2,item_13,2024-01-05,137,269.74
store_2,item_14,2024-01-05,87,169.18
store_2,item_15,2024-01-05,99,163.55
store_2,item_16,2024-01-05,114,223.89
store_2,item_17,2024-01-05,63,106.03
store_2,item_18,2024-01-05,139,267.91
store_2,item_19,2024-01-05,50,91.8
store_2,item_2,2024-01-05,114,268.09
store_2,item_20,2024-01-05,151,269.27
store_2,item_21,2024-01-05,132,268.78
store_2,item_22,2024-01-05,59,115.93
store_2,item_23,2024-01-05,40,73.74
store_2,item_24,2024-01-05,127,268.07
store_2,item_25,2024-01-05,145,272.67
store_2,item_26,2024-01-05,152,271.69
store_2,item_27,2024-01-05,138,269.17
store_2,item_28,2024-01-05,50,93.84
store_2,item_29,2024-01-05,78,166.73
store_2,item_3,2024-01-05,159,269.77
store_2,item_30,2024-01-05,51,100.96
store_2,item_31,2024-01-05,137,270.43
store_2,item_32,2024-01-05,109,245.35
store_2,item_33,2024-01-05,79,165.19
store_2,item_34,2024-01-05,59,91.32
store_2,item_35,2024-01-05,83,164.8
store_2,item_36,2024-01-05,91,173.11
store_2,item_37,2024-01-05,146,271.96
store_2,item_38,2024-01-05,123,249.37
store_2,item_39,2024-01-05,172,277.0
store_2,item_4,2024-01-05,145,270.55
store_2,item_40,2024-01-05,95,196.65
store_2,item_41,2024-01-05,68,108.04
store_2,item_42,2024-01-05,136,272.81
store_2,item_43,2024-01-05,132,268.43
store_2,item_44,2024-01-05,115,226.54
store_2,item_45,2024-01-05,128,269.15
store_2,item_46,2024-01-05,114,210.17
store_2,item_47,2024-01-05,101,211.09
store_2,item_48,2024-01-05,82,186.67
store_2,item_49,2024-01-05,53,80.58
store_2,item_5,2024-01-05,107,237.31
store_2,item_50,2024-01-05,45,94.79
store_2,item_6,2024-01-05,200,275.9
store_2,item_7,2024-01-05,57,94.04
store_2,item_8,2024-01-05,65,114.93
store_2,item_9,2024-01-05,62,81.86
store_20,item_1,2024-01-05,121,253.11
store_20,item_10,2024-01-05,67,120.7
store_20,item_11,2024-01-05,61,114.73
store_20,item_12,2024-01-05,51,99.15
store_20,item_13,2024-01-05,127,236.12
store_20,item_14,2024-01-05,62,118.63
store_20,item_15,2024-01-05,58,109.19
store_20,item_16,2024-01-05,74,169.37
store_20,item_17,2024-01-05,45,80.13
store_20,item_18,2024-01-05,122,237.81
store_20,item_19,2024-01-05,36,69.78
store_20,item_2,2024-01-05,98,208.17
store_20,item_20,2024-01-05,124,246.29
store_20,item_21,2024-01-05,101,224.27
store_20,item_22,2024-01-05,42,88.03
store_20,item_23,2024-01-05,28,63.28
store_20,item_24,2024-01-05,115,226.07
store_20,item_25,2024-01-05,109,210.31
store_20,item_26,2024-01-05,91,200.71
store_20,item_27,2024-01-05,100,215.47
store_20,item_28,2024-01-05,33,70.58
store_20,item_29,2024-01-05,77,118.61
store_20,item_3,2024-01-05,123,250.2
store_20,item_30,2024-01-05,46,77.5
store_20,item_31,2024-01-05,135,238.35
store_20,item_32,2024-01-05,77,177.76
store_20,item_33,2024-01-05,64,112.85
store_20,item_34,2024-01-05,38,67.3
store_20,item_35,2024-01-05,67,106.32
store_20,item_36,2024-01-05,56,111.84
store_20,item_37,2024-01-05,113,209.29
store_20,item_38,2024-01-05,87,181.68
store_20,item_39,2024-01-05,134,248.0
store_20,item_4,2024-01-05,107,238.32
store_20,item_40,2024-01-05,96,176.77
store_20,item_41,2024-01-05,43,76.05
store_20,item_42,2024-01-05,112,208.38
store_20,item_43,2024-01-05,104,222.54
store_20,item_44,2024-01-05,84,180.41
store_20,item_45,2024-01-05,123,211.19
store_20,item_46,2024-01-05,78,164.72
store_20,item_47,2024-01-05,78,167.94
store_20,item_48,2024-01-05,73,131.53
store_20,item_49,2024-01-05,44,62.42
store_20,item_5,2024-01-05,99,173.67
store_20,item_50,2024-01-05,39,83.32
store_20,item_6,2024-01-05,121,249.4
store_20,item_7,2024-01-05,46,71.86
store_20,item_8,2024-01-05,53,87.49
store_20,item_9,2024-01-05,32,63.87
store_21,item_1,2024-01-05,158,276.38
store_21,item_10,2024-01-05,72,122.08
store_21,item_11,2024-01-05,71,155.91
store_21,item_12,2024-01-05,57,113.16
store_21,item_13,2024-01-05,158,271.51
store_21,item_14,2024-01-05,73,143.93
store_21,item_15,2024-01-05,62,114.15
store_21,item_16,2024-01-05,94,185.48
store_21,item_17,2024-01-05,62,101.58
store_21,item_18,2024-01-05,126,250.95
store_21,item_19,2024-01-05,47,76.35
store_21,item_2,2024-01-05,116,253.94
store_21,item_20,2024-01-05,145,269.51
store_21,item_21,2024-01-05,132,252.35
store_21,item_22,2024-01-05,53,101.86
store_21,item_23,2024-01-05,42,66.93
store_21,item_24,2024-01-05,138,262.95
store_21,item_25,2024-01-05,107,226.36
store_21,item_26,2024-01-05,126,239.09
store_21,item_27,2024-01-05,108,255.57
store_21,item_28,2024-01-05,33,76.27
store_21,item_29,2024-01-05,65,157.7
store_21,item_3,2024-01-05,152,274.61
store_21,item_30,2024-01-05,43,80.25
store_21,item_31,2024-01-05,155,271.42
store_21,item_32,2024-01-05,103,203.49
store_21,item_33,2024-01-05,65,125.54
store_21,item_34,2024-01-05,47,77.9
store_21,item_35,2024-01-05,84,128.59
store_21,item_36,2024-01-05,74,128.71
store_21,item_37,2024-01-05,132,243.47
store_21,item_38,2024-01-05,95,212.6
store_21,item_39,2024-01-05,133,264.39
store_21,item_4,2024-01-05,133,268.93
store_21,item_40,2024-01-05,82,175.37
store_21,item_41,2024-01-05,42,96.14
store_21,item_42,2024-01-05,107,225.65
store_21,item_43,2024-01-05,128,233.9
store_21,item_44,2024-01-05,104,209.99
store_21,item_45,2024-01-05,112,248.92
store_21,item_46,2024-01-05,101,187.41
store_21,item_47,2024-01-05,97,206.88
store_21,item_48,2024-01-05,74,168.19
store_21,item_49,2024-01-05,49,69.91
store_21,item_5,2024-01-05,98,197.97
store_21,item_50,2024-01-05,44,84.37
store_21,item_6,2024-01-05,132,265.59
store_21,item_7,2024-01-05,39,82.13
store_21,item_8,2024-01-05,60,104.59
store_21,item_9,2024-01-05,35,76.64
store_22,item_1,2024-01-05,101,245.11
store_22,item_10,2024-01-05,55,106.95
store_22,item_11,2024-01-05,58,114.6
store_22,item_12,2024-01-05,48,95.53
store_22,item_13,2024-01-05,94,209.27
store_22,item_14,2024-01-05,63,106.37
store_22,item_15,2024-01-05,57,100.34
store_22,item_16,2024-01-05,75,167.93
store_22,item_17,2024-01-05,49,75.47
store_22,item_18,2024-01-05,124,210.22
store_22,item_19,2024-01-05,46,66.95
store_22,item_2,2024-01-05,93,205.55
store_22,item_20,2024-01-05,112,235.64
store_22,item_21,2024-01-05,111,210.54
store_22,item_22,2024-01-05,53,89.44
store_22,item_23,2024-01-05,30,58.7
store_22,item_24,2024-01-05,111,208.93
store_22,item_25,2024-01-05,91,186.03
store_22,item_26,2024-01-05,95,186.26
store_22,item_27,2024-01-05,112,209.47
store_22,item_28,2024-01-05,44,63.68
store_22,item_29,2024-01-05,56,107.98
store_22,item_3,2024-01-05,110,237.72
store_22,item_30,2024-01-05,38,71.32
store_22,item_31,2024-01-05,98,221.87
store_22,item_32,2024-01-05,103,181.95
store_22,item_33,2024-01-05,61,98.76
store_22,item_34,2024-01-05,32,63.16
store_22,item_35,2024-01-05,46,100.09
store_22,item_36,2024-01-05,72,98.79
store_22,item_37,2024-01-05,88,188.51
store_22,item_38,2024-01-05,80,175.87
store_22,item_39,2024-01-05,123,232.79
store_22,item_4,2024-01-05,107,224.95
store_22,item_40,2024-01-05,76,120.95
store_22,item_41,2024-01-05,45,75.38
store_22,item_42,2024-01-05,85,189.91
store_22,item_43,2024-01-05,87,184.17
store_22,item_44,2024-01-05,82,165.09
store_22,item_45,2024-01-05,83,192.54
store_22,item_46,2024-01-05,79,124.45
store_22,item_47,2024-01-05,72,154.14
store_22,item_48,2024-01-05,63,115.36
store_22,item_49,2024-01-05,34,60.61
store_22,item_5,2024-01-05,101,178.26
store_22,item_50,2024-01-05,32,67.25
store_22,item_6,2024-01-05,103,220.71
store_22,item_7,2024-01-05,29,69.43
store_22,item_8,2024-01-05,39,86.04
store_22,item_9,2024-01-05,31,61.21
store_23,item_1,2024-01-05,113,249.54
store_23,item_10,2024-01-05,75,113.72
store_23,item_11,2024-01-05,71,120.01
store_23,item_12,2024-01-05,48,102.07
store_23,item_13,2024-01-05,107,223.47
store_23,item_14,2024-01-05,67,120.45
store_23,item_15,2024-01-05,52,105.13
store_23,item_16,2024-01-05,106,181.56
store_23,item_17,2024-01-05,51,77.71
store_23,item_18,2024-01-05,108,223.31
store_23,item_19,2024-01-05,41,73.72
store_23,item_2,2024-01-05,122,219.87
store_23,item_20,2024-01-05,120,255.89
store_23,item_21,2024-01-05,96,221.19
store_23,item_22,2024-01-05,53,87.36
store_23,item_23,2024-01-05,33,60.89
store_23,item_24,2024-01-05,116,239.16
store_23,item_25,2024-01-05,84,200.59
store_23,item_26,2024-01-05,96,206.72
store_23,item_27,2024-01-05,131,227.01
store_23,item_28,2024-01-05,35,67.27
store_23,item_29,2024-01-05,74,116.35
store_23,item_3,2024-01-05,133,259.61
store_23,item_30,2024-01-05,48,76.47
store_23,item_31,2024-01-05,118,244.94
store_23,item_32,2024-01-05,85,176.35
store_23,item_33,2024-01-05,77,124.7
store_23,item_34,2024-01-05,47,70.43
store_23,item_35,2024-01-05,58,104.41
store_23,item_36,2024-01-05,68,106.44
store_23,item_37,2024-01-05,93,209.65
store_23,item_38,2024-01-05,88,184.94
store_23,item_39,2024-01-05,134,253.08
store_23,item_4,2024-01-05,119,245.71
store_23,item_40,2024-01-05,71,154.71
store_23,item_41,2024-01-05,38,79.34
store_23,item_42,2024-01-05,96,200.85
store_23,item_43,2024-01-05,100,200.37
store_23,item_44,2024-01-05,78,171.21
store_23,item_45,2024-01-05,96,221.47
store_23,item_46,2024-01-05,76,167.31
store_23,item_47,2024-01-05,83,167.31
store_23,item_48,2024-01-05,65,137.87
store_23,item_49,2024-01-05,31,65.84
store_23,item_5,2024-01-05,78,176.14
store_23,item_50,2024-01-05,40,75.14
store_23,item_6,2024-01-05,134,254.67
store_23,item_7,2024-01-05,51,77.48
store_23,item_8,2024-01-05,59,87.02
store_23,item_9,2024-01-05,42,63.26
store_24,item_1,2024-01-05,112,253.2
store_24,item_10,2024-01-05,60,115.28
store_24,item_11,2024-01-05,77,127.97
store_24,item_12,2024-01-05,76,111.85
store_24,item_13,2024-01-05,109,249.06
store_24,item_14,2024-01-05,54,119.77
store_24,item_15,2024-01-05,75,114.03
store_24,item_16,2024-01-05,86,169.02
store_24,item_17,2024-01-05,45,79.06
store_24,item_18,2024-01-05,119,238.77
store_24,item_19,2024-01-05,38,71.03
store_24,item_2,2024-01-05,102,225.67
store_24,item_20,2024-01-05,140,272.31
store_24,item_21,2024-01-05,108,216.31
store_24,item_22,2024-01-05,51,90.1
store_24,item_23,2024-01-05,34,63.12
store_24,item_24,2024-01-05,113,238.24
store_24,item_25,2024-01-05,98,200.58
store_24,item_26,2024-01-05,107,218.33
store_24,item_27,2024-01-05,95,219.67
store_24,item_28,2024-01-05,41,69.25
store_24,item_29,2024-01-05,75,120.22
store_24,item_3,2024-01-05,144,258.36
store_24,item_30,2024-01-05,47,76.36
store_24,item_31,2024-01-05,134,253.68
store_24,item_32,2024-01-05,85,185.62
store_24,item_33,2024-01-05,66,127.0
store_24,item_34,2024-01-05,37,69.09
store_24,item_35,2024-01-05,59,111.96
store_24,item_36,2024-01-05,60,120.22
store_24,item_37,2024-01-05,100,209.89
store_24,item_38,2024-01-05,92,183.62
store_24,item_39,2024-01-05,115,242.55
store_24,item_4,2024-01-05,116,243.44
store_24,item_40,2024-01-05,74,158.29
store_24,item_41,2024-01-05,49,75.58
store_24,item_42,2024-01-05,101,192.64
store_24,item_43,2024-01-05,105,215.66
store_24,item_44,2024-01-05,74,172.8
store_24,item_45,2024-01-05,99,223.17
store_24,item_46,2024-01-05,80,184.61
store_24,item_47,2024-01-05,85,172.78
store_24,item_48,2024-01-05,67,144.23
store_24,item_49,2024-01-05,38,63.46
store_24,item_5,2024-01-05,84,188.16
store_24,item_50,2024-01-05,56,77.94
store_24,item_6,2024-01-05,146,261.36
store_24,item_7,2024-01-05,40,76.64
store_24,item_8,2024-01-05,37,95.89
store_24,item_9,2024-01-05,37,69.83
store_25,item_1,2024-01-05,131,266.51
store_25,item_10,2024-01-05,86,126.61
store_25,item_11,2024-01-05,85,139.46
store_25,item_12,2024-01-05,59,109.2
store_25,item_13,2024-01-05,126,241.58
store_25,item_14,2024-01-05,73,122.39
store_25,item_15,2024-01-05,65,108.45
store_25,item_16,2024-01-05,97,183.83
store_25,item_17,2024-01-05,50,88.95
store_25,item_18,2024-01-05,105,234.79
store_25,item_19,2024-01-05,40,72.76
store_25,item_2,2024-01-05,107,225.92
store_25,item_20,2024-01-05,122,267.07
store_25,item_21,2024-01-05,113,226.0
store_25,item_22,2024-01-05,50,95.28
store_25,item_23,2024-01-05,31,62.43
store_25,item_24,2024-01-05,116,243.64
store_25,item_25,2024-01-05,114,231.71
store_25,item_26,2024-01-05,114,224.78
store_25,item_27,2024-01-05,97,240.79
store_25,item_28,2024-01-05,41,76.2
store_25,item_29,2024-01-05,63,118.57
store_25,item_3,2024-01-05,142,271.46
store_25,item_30,2024-01-05,46,90.35
store_25,item_31,2024-01-05,121,243.48
store_25,item_32,2024-01-05,111,207.91
store_25,item_33,2024-01-05,61,115.67
store_25,item_34,2024-01-05,43,72.93
store_25,item_35,2024-01-05,69,111.88
store_25,item_36,2024-01-05,64,116.87
store_25,item_37,2024-01-05,123,232.54
store_25,item_38,2024-01-05,130,208.38
store_25,item_39,2024-01-05,116,248.5
store_25,item_4,2024-01-05,120,251.18
store_25,item_40,2024-01-05,81,164.81
store_25,item_41,2024-01-05,39,79.3
store_25,item_42,2024-01-05,108,218.17
store_25,item_43,2024-01-05,106,224.62
store_25,item_44,2024-01-05,95,200.41
store_25,item_45,2024-01-05,103,234.62
store_25,item_46,2024-01-05,82,168.77
store_25,item_47,2024-01-05,99,185.15
store_25,item_48,2024-01-05,79,155.56
store_25,item_49,2024-01-05,39,66.64
store_25,item_5,2024-01-05,105,193.94
store_25,item_50,2024-01-05,48,80.6
store_25,item_6,2024-01-05,141,269.1
store_25,item_7,2024-01-05,52,78.45
store_25,item_8,2024-01-05,68,94.91
store_25,item_9,2024-01-05,43,68.48
store_26,item_1,2024-01-05,173,276.41
store_26,item_10,2024-01-05,78,143.72
store_26,item_11,2024-01-05,78,175.59
store_26,item_12,2024-01-05,60,121.7
store_26,item_13,2024-01-05,127,266.33
store_26,item_14,2024-01-05,93,175.25
store_26,item_15,2024-01-05,68,133.6
store_26,item_16,2024-01-05,99,217.92
store_26,item_17,2024-01-05,57,107.49
store_26,item_18,2024-01-05,127,266.38
store_26,item_19,2024-01-05,61,85.96
store_26,item_2,2024-01-05,120,266.01
store_26,item_20,2024-01-05,146,269.4
store_26,item_21,2024-01-05,126,264.1
store_26,item_22,2024-01-05,70,111.47
store_26,item_23,2024-01-05,45,75.1
store_26,item_24,2024-01-05,127,266.68
store_26,item_25,2024-01-05,117,237.49
store_26,item_26,2024-01-05,117,248.0
store_26,item_27,2024-01-05,120,266.31
store_26,item_28,2024-01-05,51,82.32
store_26,item_29,2024-01-05,88,154.64
store_26,item_3,2024-01-05,145,269.25
store_26,item_30,2024-01-05,56,91.48
store_26,item_31,2024-01-05,155,274.64
store_26,item_32,2024-01-05,107,223.55
store_26,item_33,2024-01-05,78,156.47
store_26,item_34,2024-01-05,48,79.12
store_26,item_35,2024-01-05,74,140.66
store_26,item_36,2024-01-05,71,163.16
store_26,item_37,2024-01-05,132,259.22
store_26,item_38,2024-01-05,106,225.53
store_26,item_39,2024-01-05,137,269.65
store_26,item_4,2024-01-05,130,268.24
store_26,item_40,2024-01-05,77,184.96
store_26,item_41,2024-01-05,52,95.49
store_26,item_42,2024-01-05,115,252.4
store_26,item_43,2024-01-05,120,265.01
store_26,item_44,2024-01-05,102,209.1
store_26,item_45,2024-01-05,133,266.69
store_26,item_46,2024-01-05,111,209.06
store_26,item_47,2024-01-05,97,208.55
store_26,item_48,2024-01-05,79,177.44
store_26,item_49,2024-01-05,35,76.76
store_26,item_5,2024-01-05,107,224.44
store_26,item_50,2024-01-05,60,98.64
store_26,item_6,2024-01-05,131,268.47
store_26,item_7,2024-01-05,53,81.32
store_26,item_8,2024-01-05,71,102.83
store_26,item_9,2024-01-05,44,77.48
store_27,item_1,2024-01-05,109,249.76
store_27,item_10,2024-01-05,62,104.4
store_27,item_11,2024-01-05,66,119.43
store_27,item_12,2024-01-05,52,95.22
store_27,item_13,2024-01-05,102,206.99
store_27,item_14,2024-01-05,67,121.51
store_27,item_15,2024-01-05,45,99.84
store_27,item_16,2024-01-05,82,155.55
store_27,item_17,2024-01-05,49,74.69
store_27,item_18,2024-01-05,94,203.38
store_27,item_19,2024-01-05,32,65.15
store_27,item_2,2024-01-05,112,209.29
store_27,item_20,2024-01-05,121,253.57
store_27,item_21,2024-01-05,106,204.61
store_27,item_22,2024-01-05,54,85.91
store_27,item_23,2024-01-05,29,59.49
store_27,item_24,2024-01-05,99,231.41
store_27,item_25,2024-01-05,96,188.32
store_27,item_26,2024-01-05,94,190.62
store_27,item_27,2024-01-05,97,201.56
store_27,item_28,2024-01-05,46,70.43
store_27,item_29,2024-01-05,50,113.26
store_27,item_3,2024-01-05,104,235.71
store_27,item_30,2024-01-05,50,77.15
store_27,item_31,2024-01-05,101,226.34
store_27,item_32,2024-01-05,84,174.88
store_27,item_33,2024-01-05,64,102.12
store_27,item_34,2024-01-05,33,65.16
store_27,item_35,2024-01-05,63,101.77
store_27,item_36,2024-01-05,68,107.56
store_27,item_37,2024-01-05,91,195.07
store_27,item_38,2024-01-05,84,175.08
store_27,item_39,2024-01-05,109,226.6
store_27,item_4,2024-01-05,113,226.54
store_27,item_40,2024-01-05,83,129.4
store_27,item_41,2024-01-05,52,78.75
store_27,item_42,2024-01-05,90,187.22
store_27,item_43,2024-01-05,97,199.96
store_27,item_44,2024-01-05,77,170.25
store_27,item_45,2024-01-05,93,209.11
store_27,item_46,2024-01-05,85,146.36
store_27,item_47,2024-01-05,67,165.74
store_27,item_48,2024-01-05,62,119.23
store_27,item_49,2024-01-05,22,63.84
store_27,item_5,2024-01-05,99,183.89
store_27,item_50,2024-01-05,49,76.86
store_27,item_6,2024-01-05,124,238.84
store_27,item_7,2024-01-05,33,66.13
store_27,item_8,2024-01-05,64,89.49
store_27,item_9,2024-01-05,36,65.45
store_28,item_1,2024-01-05,125,267.43
store_28,item_10,2024-01-05,64,113.76
store_28,item_11,2024-01-05,73,143.43
store_28,item_12,2024-01-05,70,108.65
store_28,item_13,2024-01-05,121,243.18
store_28,item_14,2024-01-05,71,122.28
store_28,item_15,2024-01-05,72,126.71
store_28,item_16,2024-01-05,91,185.74
store_28,item_17,2024-01-05,40,88.66
store_28,item_18,2024-01-05,127,244.7
store_28,item_19,2024-01-05,41,76.28
store_28,item_2,2024-01-05,111,226.77
store_28,item_20,2024-01-05,139,268.06
store_28,item_21,2024-01-05,135,238.88
store_28,item_22,2024-01-05,55,98.44
store_28,item_23,2024-01-05,42,64.28
store_28,item_24,2024-01-05,114,250.05
store_28,item_25,2024-01-05,121,231.8
store_28,item_26,2024-01-05,113,226.05
store_28,item_27,2024-01-05,109,238.73
store_28,item_28,2024-01-05,43,73.93
store_28,item_29,2024-01-05,83,132.52
store_28,item_3,2024-01-05,119,268.29
store_28,item_30,2024-01-05,45,79.8
store_28,item_31,2024-01-05,162,270.28
store_28,item_32,2024-01-05,102,198.82
store_28,item_33,2024-01-05,70,128.92
store_28,item_34,2024-01-05,41,75.92
store_28,item_35,2024-01-05,62,119.09
store_28,item_36,2024-01-05,57,121.66
store_28,item_37,2024-01-05,117,225.99
store_28,item_38,2024-01-05,95,209.49
store_28,item_39,2024-01-05,123,265.37
store_28,item_4,2024-01-05,121,265.84
store_28,item_40,2024-01-05,80,167.68
store_28,item_41,2024-01-05,45,82.37
store_28,item_42,2024-01-05,107,222.97
store_28,item_43,2024-01-05,110,230.35
store_28,item_44,2024-01-05,106,206.23
store_28,item_45,2024-01-05,109,228.27
store_28,item_46,2024-01-05,74,174.38
store_28,item_47,2024-01-05,92,191.84
store_28,item_48,2024-01-05,73,165.5
store_28,item_49,2024-01-05,36,62.32
store_28,item_5,2024-01-05,92,183.02
store_28,item_50,2024-01-05,34,83.37
store_28,item_6,2024-01-05,124,268.29
store_28,item_7,2024-01-05,56,80.43
store_28,item_8,2024-01-05,59,97.83
store_28,item_9,2024-01-05,26,76.11
store_29,item_1,2024-01-05,137,268.49
store_29,item_10,2024-01-05,63,119.47
store_29,item_11,2024-01-05,82,155.32
store_29,item_12,2024-01-05,64,114.54
store_29,item_13,2024-01-05,128,264.84
store_29,item_14,2024-01-05,62,131.03
store_29,item_15,2024-01-05,82,119.65
store_29,item_16,2024-01-05,89,185.81
store_29,item_17,2024-01-05,61,96.76
store_29,item_18,2024-01-05,113,250.15
store_29,item_19,2024-01-05,35,77.19
store_29,item_2,2024-01-05,108,249.88
store_29,item_20,2024-01-05,128,268.09
store_29,item_21,2024-01-05,111,240.52
store_29,item_22,2024-01-05,73,107.16
store_29,item_23,2024-01-05,34,66.6
store_29,item_24,2024-01-05,119,265.38
store_29,item_25,2024-01-05,107,230.0
store_29,item_26,2024-01-05,125,244.11
store_29,item_27,2024-01-05,125,255.25
store_29,item_28,2024-01-05,42,79.85
store_29,item_29,2024-01-05,71,139.91
store_29,item_3,2024-01-05,152,274.95
store_29,item_30,2024-01-05,41,84.1
store_29,item_31,2024-01-05,128,265.83
store_29,item_32,2024-01-05,94,192.34
store_29,item_33,2024-01-05,81,130.09
store_29,item_34,2024-01-05,43,76.37
store_29,item_35,2024-01-05,68,119.55
store_29,item_36,2024-01-05,63,126.99
store_29,item_37,2024-01-05,116,237.83
store_29,item_38,2024-01-05,97,211.56
store_29,item_39,2024-01-05,128,265.47
store_29,item_4,2024-01-05,128,265.46
store_29,item_40,2024-01-05,107,184.2
store_29,item_41,2024-01-05,46,87.38
store_29,item_42,2024-01-05,97,240.82
store_29,item_43,2024-01-05,146,246.87
store_29,item_44,2024-01-05,98,191.1
store_29,item_45,2024-01-05,109,254.1
store_29,item_46,2024-01-05,83,178.1
store_29,item_47,2024-01-05,94,184.88
store_29,item_48,2024-01-05,72,166.51
store_29,item_49,2024-01-05,31,69.46
store_29,item_5,2024-01-05,95,199.6
store_29,item_50,2024-01-05,49,82.63
store_29,item_6,2024-01-05,131,265.38
store_29,item_7,2024-01-05,38,82.95
store_29,item_8,2024-01-05,79,105.76
store_29,item_9,2024-01-05,45,68.63
store_3,item_1,2024-01-05,142,267.35
store_3,item_10,2024-01-05,72,140.52
store_3,item_11,2024-01-05,72,170.6
store_3,item_12,2024-01-05,66,121.54
store_3,item_13,2024-01-05,129,268.35
store_3,item_14,2024-01-05,76,165.91
store_3,item_15,2024-01-05,62,119.64
store_3,item_16,2024-01-05,93,198.39
store_3,item_17,2024-01-05,62,104.38
store_3,item_18,2024-01-05,119,266.78
store_3,item_19,2024-01-05,47,80.83
store_3,item_2,2024-01-05,121,252.99
store_3,item_20,2024-01-05,143,269.89
store_3,item_21,2024-01-05,138,262.08
store_3,item_22,2024-01-05,55,107.28
store_3,item_23,2024-01-05,35,68.82
store_3,item_24,2024-01-05,124,266.43
store_3,item_25,2024-01-05,120,242.1
store_3,item_26,2024-01-05,124,247.56
store_3,item_27,2024-01-05,115,264.69
store_3,item_28,2024-01-05,51,79.35
store_3,item_29,2024-01-05,68,165.1
store_3,item_3,2024-01-05,128,267.81
store_3,item_30,2024-01-05,57,89.39
store_3,item_31,2024-01-05,130,267.45
store_3,item_32,2024-01-05,110,224.18
store_3,item_33,2024-01-05,88,152.63
store_3,item_34,2024-01-05,50,87.46
store_3,item_35,2024-01-05,92,134.47
store_3,item_36,2024-01-05,80,125.04
store_3,item_37,2024-01-05,114,266.18
store_3,item_38,2024-01-05,130,247.44
store_3,item_39,2024-01-05,139,267.83
store_3,item_4,2024-01-05,132,267.39
store_3,item_40,2024-01-05,96,204.42
store_3,item_41,2024-01-05,63,94.4
store_3,item_42,2024-01-05,107,238.19
store_3,item_43,2024-01-05,117,238.95
store_3,item_44,2024-01-05,94,199.87
store_3,item_45,2024-01-05,118,266.64
store_3,item_46,2024-01-05,97,207.08
store_3,item_47,2024-01-05,97,197.4
store_3,item_48,2024-01-05,80,174.83
store_3,item_49,2024-01-05,36,69.17
store_3,item_5,2024-01-05,100,202.04
store_3,item_50,2024-01-05,49,91.36
store_3,item_6,2024-01-05,137,268.26
store_3,item_7,2024-01-05,63,83.7
store_3,item_8,2024-01-05,54,101.15
store_3,item_9,2024-01-05,42,75.17
store_30,item_1,2024-01-05,103,226.23
store_30,item_10,2024-01-05,57,99.72
store_30,item_11,2024-01-05,74,107.84
store_30,item_12,2024-01-05,53,94.58
store_30,item_13,2024-01-05,94,187.21
store_30,item_14,2024-01-05,56,100.41
store_30,item_15,2024-01-05,65,100.84
store_30,item_16,2024-01-05,94,152.04
store_30,item_17,2024-01-05,42,75.32
store_30,item_18,2024-01-05,110,207.55
store_30,item_19,2024-01-05,34,64.08
store_30,item_2,2024-01-05,90,184.34
store_30,item_20,2024-01-05,97,225.61
store_30,item_21,2024-01-05,86,186.13
store_30,item_22,2024-01-05,53,79.55
store_30,item_23,2024-01-05,37,59.15
store_30,item_24,2024-01-05,106,206.84
store_30,item_25,2024-01-05,94,176.58
store_30,item_26,2024-01-05,94,183.98
store_30,item_27,2024-01-05,122,198.52
store_30,item_28,2024-01-05,36,63.91
store_30,item_29,2024-01-05,61,110.23
store_30,item_3,2024-01-05,103,223.34
store_30,item_30,2024-01-05,43,65.11
store_30,item_31,2024-01-05,128,224.04
store_30,item_32,2024-01-05,68,170.04
store_30,item_33,2024-01-05,59,102.13
store_30,item_34,2024-01-05,38,62.72
store_30,item_35,2024-01-05,62,107.51
store_30,item_36,2024-01-05,58,100.67
store_30,item_37,2024-01-05,93,184.87
store_30,item_38,2024-01-05,73,167.89
store_30,item_39,2024-01-05,120,223.7
store_30,item_4,2024-01-05,118,232.86
store_30,item_40,2024-01-05,74,121.38
store_30,item_41,2024-01-05,41,70.11
store_30,item_42,2024-01-05,84,176.62
store_30,item_43,2024-01-05,114,187.44
store_30,item_44,2024-01-05,92,155.64
store_30,item_45,2024-01-05,89,185.48
store_30,item_46,2024-01-05,75,125.39
store_30,item_47,2024-01-05,71,138.87
store_30,item_48,2024-01-05,57,113.67
store_30,item_49,2024-01-05,27,58.4
store_30,item_5,2024-01-05,74,167.03
store_30,item_50,2024-01-05,34,68.82
store_30,item_6,2024-01-05,113,222.38
store_30,item_7,2024-01-05,36,69.69
store_30,item_8,2024-01-05,41,83.67
store_30,item_9,2024-01-05,24,62.92
store_31,item_1,2024-01-05,137,269.05
store_31,item_10,2024-01-05,83,129.42
store_31,item_11,2024-01-05,70,162.85
store_31,item_12,2024-01-05,67,122.37
store_31,item_13,2024-01-05,115,249.27
store_31,item_14,2024-01-05,69,133.66
store_31,item_15,2024-01-05,65,120.06
store_31,item_16,2024-01-05,106,207.72
store_31,item_17,2024-01-05,58,84.07
store_31,item_18,2024-01-05,112,254.01
store_31,item_19,2024-01-05,43,79.77
store_31,item_2,2024-01-05,106,243.46
store_31,item_20,2024-01-05,136,268.57
store_31,item_21,2024-01-05,125,255.9
store_31,item_22,2024-01-05,47,101.45
store_31,item_23,2024-01-05,34,63.44
store_31,item_24,2024-01-05,120,256.95
store_31,item_25,2024-01-05,141,253.08
store_31,item_26,2024-01-05,111,236.18
store_31,item_27,2024-01-05,117,244.34
store_31,item_28,2024-01-05,49,77.1
store_31,item_29,2024-01-05,80,144.78
store_31,item_3,2024-01-05,126,269.52
store_31,item_30,2024-01-05,59,87.31
store_31,item_31,2024-01-05,132,265.13
store_31,item_32,2024-01-05,110,222.71
store_31,item_33,2024-01-05,71,122.15
store_31,item_34,2024-01-05,50,76.02
store_31,item_35,2024-01-05,68,120.69
store_31,item_36,2024-01-05,64,126.43
store_31,item_37,2024-01-05,110,245.82
store_31,item_38,2024-01-05,118,237.38
store_31,item_39,2024-01-05,154,272.86
store_31,item_4,2024-01-05,121,268.07
store_31,item_40,2024-01-05,103,185.06
store_31,item_41,2024-01-05,62,87.08
store_31,item_42,2024-01-05,110,225.28
store_31,item_43,2024-01-05,108,249.97
store_31,item_44,2024-01-05,84,192.23
store_31,item_45,2024-01-05,112,253.55
store_31,item_46,2024-01-05,119,191.19
store_31,item_47,2024-01-05,93,185.97
store_31,item_48,2024-01-05,70,169.2
store_31,item_49,2024-01-05,47,68.58
store_31,item_5,2024-01-05,109,200.12
store_31,item_50,2024-01-05,43,75.73
store_31,item_6,2024-01-05,132,267.5
store_31,item_7,2024-01-05,45,77.06
store_31,item_8,2024-01-05,69,105.6
store_31,item_9,2024-01-05,56,74.62
store_32,item_1,2024-01-05,138,252.58
store_32,item_10,2024-01-05,56,107.19
store_32,item_11,2024-01-05,59,108.95
store_32,item_12,2024-01-05,57,94.67
store_32,item_13,2024-01-05,100,200.44
store_32,item_14,2024-01-05,78,121.55
store_32,item_15,2024-01-05,55,99.17
store_32,item_16,2024-01-05,69,146.0
store_32,item_17,2024-01-05,38,75.0
store_32,item_18,2024-01-05,96,202.02
store_32,item_19,2024-01-05,31,66.2
store_32,item_2,2024-01-05,95,199.28
store_32,item_20,2024-01-05,104,237.5
store_32,item_21,2024-01-05,105,194.23
store_32,item_22,2024-01-05,49,90.33
store_32,item_23,2024-01-05,40,59.17
store_32,item_24,2024-01-05,98,222.21
store_32,item_25,2024-01-05,90,185.46
store_32,item_26,2024-01-05,93,188.65
store_32,item_27,2024-01-05,95,192.83
store_32,item_28,2024-01-05,37,65.82
store_32,item_29,2024-01-05,63,102.56
store_32,item_3,2024-01-05,110,241.16
store_32,item_30,2024-01-05,35,69.65
store_32,item_31,2024-01-05,129,232.38
store_32,item_32,2024-01-05,85,174.39
store_32,item_33,2024-01-05,64,105.48
store_32,item_34,2024-01-05,37,62.77
store_32,item_35,2024-01-05,61,101.79
store_32,item_36,2024-01-05,48,102.12
store_32,item_37,2024-01-05,89,188.23
store_32,item_38,2024-01-05,99,185.38
store_32,item_39,2024-01-05,125,239.09
store_32,item_4,2024-01-05,109,225.49
store_32,item_40,2024-01-05,77,121.01
store_32,item_41,2024-01-05,40,76.94
store_32,item_42,2024-01-05,84,186.41
store_32,item_43,2024-01-05,100,193.68
store_32,item_44,2024-01-05,89,177.36
store_32,item_45,2024-01-05,96,191.96
store_32,item_46,2024-01-05,71,121.92
store_32,item_47,2024-01-05,62,145.12
store_32,item_48,2024-01-05,62,131.86
store_32,item_49,2024-01-05,30,61.65
store_32,item_5,2024-01-05,95,180.39
store_32,item_50,2024-01-05,33,71.28
store_32,item_6,2024-01-05,133,247.1
store_32,item_7,2024-01-05,43,63.79
store_32,item_8,2024-01-05,42,85.49
store_32,item_9,2024-01-05,33,61.13
store_33,item_1,2024-01-05,109,225.3
store_33,item_10,2024-01-05,57,104.16
store_33,item_11,2024-01-05,65,106.04
store_33,item_12,2024-01-05,53,92.84
store_33,item_13,2024-01-05,95,192.41
store_33,item_14,2024-01-05,61,102.85
store_33,item_15,2024-01-05,52,95.81
store_33,item_16,2024-01-05,101,163.98
store_33,item_17,2024-01-05,39,74.55
store_33,item_18,2024-01-05,78,190.41
store_33,item_19,2024-01-05,34,61.87
store_33,item_2,2024-01-05,99,186.07
store_33,item_20,2024-01-05,108,225.48
store_33,item_21,2024-01-05,91,186.31
store_33,item_22,2024-01-05,54,84.24
store_33,item_23,2024-01-05,28,58.74
store_33,item_24,2024-01-05,90,192.32
store_33,item_25,2024-01-05,83,179.27
store_33,item_26,2024-01-05,85,186.19
store_33,item_27,2024-01-05,85,190.2
store_33,item_28,2024-01-05,36,61.03
store_33,item_29,2024-01-05,54,103.03
store_33,item_3,2024-01-05,104,226.92
store_33,item_30,2024-01-05,36,71.93
store_33,item_31,2024-01-05,102,209.04
store_33,item_32,2024-01-05,65,170.2
store_33,item_33,2024-01-05,56,103.1
store_33,item_34,2024-01-05,30,62.38
store_33,item_35,2024-01-05,54,100.11
store_33,item_36,2024-01-05,56,99.43
store_33,item_37,2024-01-05,79,178.7
store_33,item_38,2024-01-05,102,185.62
store_33,item_39,2024-01-05,92,218.55
store_33,item_4,2024-01-05,119,218.7
store_33,item_40,2024-01-05,67,120.28
store_33,item_41,2024-01-05,36,69.54
store_33,item_42,2024-01-05,89,174.31
store_33,item_43,2024-01-05,94,185.94
store_33,item_44,2024-01-05,81,156.12
store_33,item_45,2024-01-05,97,206.31
store_33,item_46,2024-01-05,56,121.18
store_33,item_47,2024-01-05,81,122.18
store_33,item_48,2024-01-05,61,119.81
store_33,item_49,2024-01-05,25,59.62
store_33,item_5,2024-01-05,96,171.16
store_33,item_50,2024-01-05,34,64.46
store_33,item_6,2024-01-05,98,223.35
store_33,item_7,2024-01-05,31,64.14
store_33,item_8,2024-01-05,50,83.75
store_33,item_9,2024-01-05,35,61.16
store_34,item_1,2024-01-05,146,270.64
store_34,item_10,2024-01-05,69,166.05
store_34,item_11,2024-01-05,76,169.17
store_34,item_12,2024-01-05,83,134.29
store_34,item_13,2024-01-05,134,268.01
store_34,item_14,2024-01-05,84,181.71
store_34,item_15,2024-01-05,79,142.17
store_34,item_16,2024-01-05,107,223.13
store_34,item_17,2024-01-05,66,108.84
store_34,item_18,2024-01-05,130,267.02
store_34,item_19,2024-01-05,54,80.88
store_34,item_2,2024-01-05,131,267.0
store_34,item_20,2024-01-05,183,278.52
store_34,item_21,2024-01-05,128,268.79
store_34,item_22,2024-01-05,55,113.72
store_34,item_23,2024-01-05,58,75.16
store_34,item_24,2024-01-05,154,275.77
store_34,item_25,2024-01-05,121,248.54
store_34,item_26,2024-01-05,144,271.45
store_34,item_27,2024-01-05,132,268.13
store_34,item_28,2024-01-05,45,82.36
store_34,item_29,2024-01-05,101,181.27
store_34,item_3,2024-01-05,149,269.09
store_34,item_30,2024-01-05,51,99.95
store_34,item_31,2024-01-05,143,269.73
store_34,item_32,2024-01-05,114,245.37
store_34,item_33,2024-01-05,97,172.5
store_34,item_34,2024-01-05,61,83.04
store_34,item_35,2024-01-05,83,154.01
store_34,item_36,2024-01-05,72,169.95
store_34,item_37,2024-01-05,154,271.69
store_34,item_38,2024-01-05,144,257.16
store_34,item_39,2024-01-05,138,268.21
store_34,item_4,2024-01-05,156,270.53
store_34,item_40,2024-01-05,108,187.42
store_34,item_41,2024-01-05,58,107.29
store_34,item_42,2024-01-05,116,253.72
store_34,item_43,2024-01-05,117,265.35
store_34,item_44,2024-01-05,106,226.51
store_34,item_45,2024-01-05,129,268.51
store_34,item_46,2024-01-05,102,201.66
store_34,item_47,2024-01-05,100,222.72
store_34,item_48,2024-01-05,100,195.85
store_34,item_49,2024-01-05,48,79.39
store_34,item_5,2024-01-05,114,245.28
store_34,item_50,2024-01-05,44,95.32
store_34,item_6,2024-01-05,145,269.2
store_34,item_7,2024-01-05,54,98.84
store_34,item_8,2024-01-05,60,117.26
store_34,item_9,2024-01-05,55,86.32
store_35,item_1,2024-01-05,150,270.04
store_35,item_10,2024-01-05,72,167.18
store_35,item_11,2024-01-05,90,177.24
store_35,item_12,2024-01-05,78,163.41
store_35,item_13,2024-01-05,131,268.61
store_35,item_14,2024-01-05,84,171.13
store_35,item_15,2024-01-05,75,152.51
store_35,item_16,2024-01-05,101,228.67
store_35,item_17,2024-01-05,59,101.27
store_35,item_18,2024-01-05,127,267.47
store_35,item_19,2024-01-05,54,92.35
store_35,item_2,2024-01-05,120,267.64
store_35,item_20,2024-01-05,182,277.57
store_35,item_21,2024-01-05,155,274.97
store_35,item_22,2024-01-05,81,129.56
store_35,item_23,2024-01-05,46,77.61
store_35,item_24,2024-01-05,129,268.87
store_35,item_25,2024-01-05,144,271.64
store_35,item_26,2024-01-05,120,267.73
store_35,item_27,2024-01-05,127,266.12
store_35,item_28,2024-01-05,53,86.8
store_35,item_29,2024-01-05,104,183.27
store_35,item_3,2024-01-05,152,270.61
store_35,item_30,2024-01-05,56,102.08
store_35,item_31,2024-01-05,159,275.82
store_35,item_32,2024-01-05,137,252.91
store_35,item_33,2024-01-05,91,181.68
store_35,item_34,2024-01-05,51,82.59
store_35,item_35,2024-01-05,80,157.51
store_35,item_36,2024-01-05,84,165.08
store_35,item_37,2024-01-05,134,273.6
store_35,item_38,2024-01-05,120,252.43
store_35,item_39,2024-01-05,187,277.27
store_35,item_4,2024-01-05,135,269.65
store_35,item_40,2024-01-05,110,209.16
store_35,item_41,2024-01-05,62,99.13
store_35,item_42,2024-01-05,124,266.74
store_35,item_43,2024-01-05,142,275.69
store_35,item_44,2024-01-05,115,226.91
store_35,item_45,2024-01-05,123,268.63
store_35,item_46,2024-01-05,130,215.37
store_35,item_47,2024-01-05,124,238.26
store_35,item_48,2024-01-05,92,185.7
store_35,item_49,2024-01-05,52,76.0
store_35,item_5,2024-01-05,113,226.22
store_35,item_50,2024-01-05,56,91.88
store_35,item_6,2024-01-05,151,268.49
store_35,item_7,2024-01-05,52,97.08
store_35,item_8,2024-01-05,59,116.24
store_35,item_9,2024-01-05,50,82.86
store_36,item_1,2024-01-05,145,269.9
store_36,item_10,2024-01-05,74,157.3
store_36,item_11,2024-01-05,88,173.89
store_36,item_12,2024-01-05,69,120.28
store_36,item_13,2024-01-05,150,272.76
store_36,item_14,2024-01-05,77,170.01
store_36,item_15,2024-01-05,70,134.66
store_36,item_16,2024-01-05,109,210.88
store_36,item_17,2024-01-05,48,101.73
store_36,item_18,2024-01-05,131,267.63
store_36,item_19,2024-01-05,51,86.81
store_36,item_2,2024-01-05,131,265.49
store_36,item_20,2024-01-05,145,270.65
store_36,item_21,2024-01-05,125,264.56
store_36,item_22,2024-01-05,64,114.09
store_36,item_23,2024-01-05,39,71.85
store_36,item_24,2024-01-05,146,271.89
store_36,item_25,2024-01-05,108,251.6
store_36,item_26,2024-01-05,116,264.51
store_36,item_27,2024-01-05,118,265.41
store_36,item_28,2024-01-05,65,77.64
store_36,item_29,2024-01-05,77,169.9
store_36,item_3,2024-01-05,147,267.66
store_36,item_30,2024-01-05,51,100.81
store_36,item_31,2024-01-05,130,267.43
store_36,item_32,2024-01-05,132,239.86
store_36,item_33,2024-01-05,64,153.61
store_36,item_34,2024-01-05,48,78.82
store_36,item_35,2024-01-05,71,121.61
store_36,item_36,2024-01-05,69,154.84
store_36,item_37,2024-01-05,110,243.28
store_36,item_38,2024-01-05,106,226.72
store_36,item_39,2024-01-05,128,270.48
store_36,item_4,2024-01-05,143,268.88
store_36,item_40,2024-01-05,95,185.86
store_36,item_41,2024-01-05,56,95.12
store_36,item_42,2024-01-05,115,250.08
store_36,item_43,2024-01-05,114,250.86
store_36,item_44,2024-01-05,98,204.27
store_36,item_45,2024-01-05,147,265.51
store_36,item_46,2024-01-05,90,190.03
store_36,item_47,2024-01-05,99,195.8
store_36,item_48,2024-01-05,94,183.08
store_36,item_49,2024-01-05,38,76.09
store_36,item_5,2024-01-05,99,225.92
store_36,item_50,2024-01-05,58,93.12
store_36,item_6,2024-01-05,134,267.93
store_36,item_7,2024-01-05,54,79.92
store_36,item_8,2024-01-05,66,107.15
store_36,item_9,2024-01-05,42,75.23
store_37,item_1,2024-01-05,119,251.3
store_37,item_10,2024-01-05,54,108.0
store_37,item_11,2024-01-05,73,119.64
store_37,item_12,2024-01-05,58,100.83
store_37,item_13,2024-01-05,105,225.54
store_37,item_14,2024-01-05,81,123.16
store_37,item_15,2024-01-05,43,98.17
store_37,item_16,2024-01-05,84,173.49
store_37,item_17,2024-01-05,49,76.6
store_37,item_18,2024-01-05,117,237.48
store_37,item_19,2024-01-05,35,70.21
store_37,item_2,2024-01-05,124,231.38
store_37,item_20,2024-01-05,120,253.89
store_37,item_21,2024-01-05,101,213.06
store_37,item_22,2024-01-05,57,92.54
store_37,item_23,2024-01-05,35,61.53
store_37,item_24,2024-01-05,100,222.62
store_37,item_25,2024-01-05,118,211.9
store_37,item_26,2024-01-05,93,209.88
store_37,item_27,2024-01-05,112,231.93
store_37,item_28,2024-01-05,45,76.54
store_37,item_29,2024-01-05,65,110.47
store_37,item_3,2024-01-05,118,252.65
store_37,item_30,2024-01-05,34,75.79
store_37,item_31,2024-01-05,106,224.97
store_37,item_32,2024-01-05,91,183.25
store_37,item_33,2024-01-05,62,104.43
store_37,item_34,2024-01-05,39,66.87
store_37,item_35,2024-01-05,45,108.83
store_37,item_36,2024-01-05,79,122.1
store_37,item_37,2024-01-05,113,210.15
store_37,item_38,2024-01-05,89,191.72
store_37,item_39,2024-01-05,111,248.7
store_37,item_4,2024-01-05,118,245.84
store_37,item_40,2024-01-05,78,160.55
store_37,item_41,2024-01-05,43,77.13
store_37,item_42,2024-01-05,93,191.82
store_37,item_43,2024-01-05,102,218.04
store_37,item_44,2024-01-05,73,173.84
store_37,item_45,2024-01-05,104,214.53
store_37,item_46,2024-01-05,78,163.41
store_37,item_47,2024-01-05,78,162.91
store_37,item_48,2024-01-05,74,122.11
store_37,item_49,2024-01-05,31,64.21
store_37,item_5,2024-01-05,83,172.19
store_37,item_50,2024-01-05,50,76.26
store_37,item_6,2024-01-05,137,259.89
store_37,item_7,2024-01-05,37,70.32
store_37,item_8,2024-01-05,59,87.36
store_37,item_9,2024-01-05,32,65.81
store_38,item_1,2024-01-05,121,245.42
store_38,item_10,2024-01-05,67,100.82
store_38,item_11,2024-01-05,58,109.09
store_38,item_12,2024-01-05,43,91.62
store_38,item_13,2024-01-05,96,198.89
store_38,item_14,2024-01-05,55,103.92
store_38,item_15,2024-01-05,68,96.49
store_38,item_16,2024-01-05,63,129.9
store_38,item_17,2024-01-05,46,69.96
store_38,item_18,2024-01-05,96,187.84
store_38,item_19,2024-01-05,31,65.57
store_38,item_2,2024-01-05,116,208.19
store_38,item_20,2024-01-05,127,243.32
store_38,item_21,2024-01-05,97,188.9
store_38,item_22,2024-01-05,48,80.7
store_38,item_23,2024-01-05,16,60.07
store_38,item_24,2024-01-05,95,204.91
store_38,item_25,2024-01-05,90,174.85
store_38,item_26,2024-01-05,84,181.63
store_38,item_27,2024-01-05,87,197.48
store_38,item_28,2024-01-05,27,62.09
store_38,item_29,2024-01-05,59,109.35
store_38,item_3,2024-01-05,107,225.6
store_38,item_30,2024-01-05,48,71.99
store_38,item_31,2024-01-05,115,231.21
store_38,item_32,2024-01-05,73,170.73
store_38,item_33,2024-01-05,56,100.6
store_38,item_34,2024-01-05,41,63.52
store_38,item_35,2024-01-05,62,103.35
store_38,item_36,2024-01-05,69,107.43
store_38,item_37,2024-01-05,98,206.45
store_38,item_38,2024-01-05,82,169.5
store_38,item_39,2024-01-05,132,232.26
store_38,item_4,2024-01-05,123,235.3
store_38,item_40,2024-01-05,61,126.49
store_38,item_41,2024-01-05,39,72.13
store_38,item_42,2024-01-05,87,175.53
store_38,item_43,2024-01-05,95,186.39
store_38,item_44,2024-01-05,85,163.13
store_38,item_45,2024-01-05,92,195.76
store_38,item_46,2024-01-05,80,129.38
store_38,item_47,2024-01-05,76,129.38
store_38,item_48,2024-01-05,54,113.51
store_38,item_49,2024-01-05,20,61.38
store_38,item_5,2024-01-05,75,165.96
store_38,item_50,2024-01-05,45,66.03
store_38,item_6,2024-01-05,114,218.69
store_38,item_7,2024-01-05,47,67.08
store_38,item_8,2024-01-05,38,79.32
store_38,item_9,2024-01-05,41,63.79
store_39,item_1,2024-01-05,142,271.87
store_39,item_10,2024-01-05,71,125.82
store_39,item_11,2024-01-05,83,166.31
store_39,item_12,2024-01-05,60,115.48
store_39,item_13,2024-01-05,115,265.7
store_39,item_14,2024-01-05,80,124.27
store_39,item_15,2024-01-05,65,117.0
store_39,item_16,2024-01-05,87,198.22
store_39,item_17,2024-01-05,57,100.15
store_39,item_18,2024-01-05,143,271.74
store_39,item_19,2024-01-05,49,84.47
store_39,item_2,2024-01-05,114,266.52
store_39,item_20,2024-01-05,142,269.08
store_39,item_21,2024-01-05,138,253.67
store_39,item_22,2024-01-05,53,100.75
store_39,item_23,2024-01-05,48,69.32
store_39,item_24,2024-01-05,127,268.46
store_39,item_25,2024-01-05,123,257.93
store_39,item_26,2024-01-05,116,244.76
store_39,item_27,2024-01-05,114,247.82
store_39,item_28,2024-01-05,42,79.86
store_39,item_29,2024-01-05,74,154.16
store_39,item_3,2024-01-05,135,270.03
store_39,item_30,2024-01-05,51,98.93
store_39,item_31,2024-01-05,124,265.06
store_39,item_32,2024-01-05,106,221.41
store_39,item_33,2024-01-05,73,134.11
store_39,item_34,2024-01-05,37,75.26
store_39,item_35,2024-01-05,85,127.66
store_39,item_36,2024-01-05,67,125.94
store_39,item_37,2024-01-05,112,250.54
store_39,item_38,2024-01-05,125,238.86
store_39,item_39,2024-01-05,127,267.41
store_39,item_4,2024-01-05,156,273.67
store_39,item_40,2024-01-05,104,199.68
store_39,item_41,2024-01-05,50,95.37
store_39,item_42,2024-01-05,110,237.6
store_39,item_43,2024-01-05,132,257.21
store_39,item_44,2024-01-05,93,199.29
store_39,item_45,2024-01-05,113,256.29
store_39,item_46,2024-01-05,85,184.95
store_39,item_47,2024-01-05,111,209.49
store_39,item_48,2024-01-05,88,170.22
store_39,item_49,2024-01-05,38,69.27
store_39,item_5,2024-01-05,102,208.71
store_39,item_50,2024-01-05,50,86.95
store_39,item_6,2024-01-05,145,272.18
store_39,item_7,2024-01-05,39,80.55
store_39,item_8,2024-01-05,60,106.58
store_39,item_9,2024-01-05,24,76.86
store_4,item_1,2024-01-05,130,268.79
store_4,item_10,2024-01-05,78,128.89
store_4,item_11,2024-01-05,75,149.03
store_4,item_12,2024-01-05,64,116.7
store_4,item_13,2024-01-05,124,265.92
store_4,item_14,2024-01-05,64,138.75
store_4,item_15,2024-01-05,65,109.36
store_4,item_16,2024-01-05,87,187.34
store_4,item_17,2024-01-05,56,95.31
store_4,item_18,2024-01-05,132,254.02
store_4,item_19,2024-01-05,47,84.18
store_4,item_2,2024-01-05,134,257.58
store_4,item_20,2024-01-05,129,268.65
store_4,item_21,2024-01-05,109,243.58
store_4,item_22,2024-01-05,57,105.33
store_4,item_23,2024-01-05,32,63.09
store_4,item_24,2024-01-05,126,254.59
store_4,item_25,2024-01-05,128,248.41
store_4,item_26,2024-01-05,99,236.54
store_4,item_27,2024-01-05,119,248.98
store_4,item_28,2024-01-05,46,76.36
store_4,item_29,2024-01-05,64,139.59
store_4,item_3,2024-01-05,149,273.18
store_4,item_30,2024-01-05,50,87.07
store_4,item_31,2024-01-05,123,265.17
store_4,item_32,2024-01-05,95,200.15
store_4,item_33,2024-01-05,72,120.42
store_4,item_34,2024-01-05,43,75.63
store_4,item_35,2024-01-05,76,128.94
store_4,item_36,2024-01-05,62,116.86
store_4,item_37,2024-01-05,114,244.13
store_4,item_38,2024-01-05,101,224.63
store_4,item_39,2024-01-05,119,265.33
store_4,item_4,2024-01-05,132,265.56
store_4,item_40,2024-01-05,79,170.37
store_4,item_41,2024-01-05,51,99.55
store_4,item_42,2024-01-05,129,248.32
store_4,item_43,2024-01-05,111,249.92
store_4,item_44,2024-01-05,100,190.7
store_4,item_45,2024-01-05,113,248.06
store_4,item_46,2024-01-05,87,183.9
store_4,item_47,2024-01-05,86,187.04
store_4,item_48,2024-01-05,87,184.38
store_4,item_49,2024-01-05,36,67.48
store_4,item_5,2024-01-05,99,192.12
store_4,item_50,2024-01-05,57,80.52
store_4,item_6,2024-01-05,131,268.96
store_4,item_7,2024-01-05,56,84.99
store_4,item_8,2024-01-05,60,107.28
store_4,item_9,2024-01-05,43,70.18
store_40,item_1,2024-01-05,124,268.06
store_40,item_10,2024-01-05,68,111.56
store_40,item_11,2024-01-05,64,119.89
store_40,item_12,2024-01-05,52,114.34
store_40,item_13,2024-01-05,145,252.89
store_40,item_14,2024-01-05,81,127.96
store_40,item_15,2024-01-05,66,112.79
store_40,item_16,2024-01-05,86,174.63
store_40,item_17,2024-01-05,49,100.31
store_40,item_18,2024-01-05,135,246.51
store_40,item_19,2024-01-05,34,68.63
store_40,item_2,2024-01-05,111,230.25
store_40,item_20,2024-01-05,147,271.54
store_40,item_21,2024-01-05,104,235.79
store_40,item_22,2024-01-05,57,99.13
store_40,item_23,2024-01-05,35,62.43
store_40,item_24,2024-01-05,128,248.33
store_40,item_25,2024-01-05,108,215.02
store_40,item_26,2024-01-05,109,223.21
store_40,item_27,2024-01-05,103,226.38
store_40,item_28,2024-01-05,54,73.39
store_40,item_29,2024-01-05,62,120.14
store_40,item_3,2024-01-05,124,265.54
store_40,item_30,2024-01-05,45,81.24
store_40,item_31,2024-01-05,119,249.36
store_40,item_32,2024-01-05,95,187.69
store_40,item_33,2024-01-05,74,122.91
store_40,item_34,2024-01-05,34,69.04
store_40,item_35,2024-01-05,80,118.77
store_40,item_36,2024-01-05,48,112.75
store_40,item_37,2024-01-05,107,227.75
store_40,item_38,2024-01-05,129,210.89
store_40,item_39,2024-01-05,121,253.6
store_40,item_4,2024-01-05,113,266.42
store_40,item_40,2024-01-05,78,167.63
store_40,item_41,2024-01-05,46,79.82
store_40,item_42,2024-01-05,104,217.18
store_40,item_43,2024-01-05,119,225.83
store_40,item_44,2024-01-05,77,174.07
store_40,item_45,2024-01-05,113,225.25
store_40,item_46,2024-01-05,90,183.37
store_40,item_47,2024-01-05,104,183.21
store_40,item_48,2024-01-05,90,162.17
store_40,item_49,2024-01-05,40,63.69
store_40,item_5,2024-01-05,111,207.26
store_40,item_50,2024-01-05,49,77.25
store_40,item_6,2024-01-05,117,266.68
store_40,item_7,2024-01-05,35,75.53
store_40,item_8,2024-01-05,56,96.21
store_40,item_9,2024-01-05,34,68.71
store_41,item_1,2024-01-05,124,246.62
store_41,item_10,2024-01-05,55,98.8
store_41,item_11,2024-01-05,69,124.88
store_41,item_12,2024-01-05,47,93.79
store_41,item_13,2024-01-05,93,205.98
store_41,item_14,2024-01-05,59,107.14
store_41,item_15,2024-01-05,56,94.51
store_41,item_16,2024-01-05,80,163.58
store_41,item_17,2024-01-05,39,75.85
store_41,item_18,2024-01-05,94,193.38
store_41,item_19,2024-01-05,37,66.47
store_41,item_2,2024-01-05,109,215.8
store_41,item_20,2024-01-05,128,251.97
store_41,item_21,2024-01-05,131,207.17
store_41,item_22,2024-01-05,39,83.67
store_41,item_23,2024-01-05,32,58.69
store_41,item_24,2024-01-05,113,209.26
store_41,item_25,2024-01-05,78,179.25
store_41,item_26,2024-01-05,88,186.89
store_41,item_27,2024-01-05,103,207.78
store_41,item_28,2024-01-05,37,65.64
store_41,item_29,2024-01-05,64,112.27
store_41,item_3,2024-01-05,104,227.02
store_41,item_30,2024-01-05,40,74.71
store_41,item_31,2024-01-05,105,217.73
store_41,item_32,2024-01-05,66,169.93
store_41,item_33,2024-01-05,56,102.74
store_41,item_34,2024-01-05,52,64.45
store_41,item_35,2024-01-05,66,108.73
store_41,item_36,2024-01-05,46,103.02
store_41,item_37,2024-01-05,83,182.28
store_41,item_38,2024-01-05,76,169.45
store_41,item_39,2024-01-05,143,222.77
store_41,item_4,2024-01-05,121,237.21
store_41,item_40,2024-01-05,80,129.65
store_41,item_41,2024-01-05,42,76.29
store_41,item_42,2024-01-05,86,181.9
store_41,item_43,2024-01-05,88,185.81
store_41,item_44,2024-01-05,72,162.93
store_41,item_45,2024-01-05,89,196.93
store_41,item_46,2024-01-05,69,131.66
store_41,item_47,2024-01-05,81,126.05
store_41,item_48,2024-01-05,66,129.2
store_41,item_49,2024-01-05,32,60.3
store_41,item_5,2024-01-05,79,166.23
store_41,item_50,2024-01-05,39,67.92
store_41,item_6,2024-01-05,107,225.52
store_41,item_7,2024-01-05,31,65.63
store_41,item_8,2024-01-05,43,76.83
store_41,item_9,2024-01-05,35,60.31
store_42,item_1,2024-01-05,135,268.5
store_42,item_10,2024-01-05,59,119.6
store_42,item_11,2024-01-05,78,163.59
store_42,item_12,2024-01-05,61,105.22
store_42,item_13,2024-01-05,115,245.0
store_42,item_14,2024-01-05,61,126.19
store_42,item_15,2024-01-05,59,112.69
store_42,item_16,2024-01-05,98,203.04
store_42,item_17,2024-01-05,47,89.28
store_42,item_18,2024-01-05,117,230.2
store_42,item_19,2024-01-05,42,80.83
store_42,item_2,2024-01-05,113,244.19
store_42,item_20,2024-01-05,131,269.52
store_42,item_21,2024-01-05,109,235.9
store_42,item_22,2024-01-05,62,101.26
store_42,item_23,2024-01-05,36,63.68
store_42,item_24,2024-01-05,118,243.97
store_42,item_25,2024-01-05,105,226.59
store_42,item_26,2024-01-05,120,238.57
store_42,item_27,2024-01-05,110,235.22
store_42,item_28,2024-01-05,46,75.96
store_42,item_29,2024-01-05,73,121.45
store_42,item_3,2024-01-05,132,265.67
store_42,item_30,2024-01-05,50,80.75
store_42,item_31,2024-01-05,116,252.26
store_42,item_32,2024-01-05,95,194.19
store_42,item_33,2024-01-05,69,120.06
store_42,item_34,2024-01-05,44,76.47
store_42,item_35,2024-01-05,59,115.97
store_42,item_36,2024-01-05,67,119.78
store_42,item_37,2024-01-05,107,235.5
store_42,item_38,2024-01-05,93,196.7
store_42,item_39,2024-01-05,119,265.56
store_42,item_4,2024-01-05,127,250.76
store_42,item_40,2024-01-05,94,178.47
store_42,item_41,2024-01-05,49,83.75
store_42,item_42,2024-01-05,118,231.47
store_42,item_43,2024-01-05,113,228.73
store_42,item_44,2024-01-05,100,207.63
store_42,item_45,2024-01-05,123,248.43
store_42,item_46,2024-01-05,76,175.59
store_42,item_47,2024-01-05,87,174.5
store_42,item_48,2024-01-05,83,154.44
store_42,item_49,2024-01-05,31,64.65
store_42,item_5,2024-01-05,87,190.55
store_42,item_50,2024-01-05,46,81.96
store_42,item_6,2024-01-05,119,265.31
store_42,item_7,2024-01-05,47,77.35
store_42,item_8,2024-01-05,50,99.46
store_42,item_9,2024-01-05,45,72.34
store_43,item_1,2024-01-05,106,226.73
store_43,item_10,2024-01-05,50,96.87
store_43,item_11,2024-01-05,54,113.65
store_43,item_12,2024-01-05,58,92.44
store_43,item_13,2024-01-05,89,185.44
store_43,item_14,2024-01-05,53,99.55
store_43,item_15,2024-01-05,47,96.8
store_43,item_16,2024-01-05,87,145.79
store_43,item_17,2024-01-05,35,69.82
store_43,item_18,2024-01-05,94,190.02
store_43,item_19,2024-01-05,42,60.67
store_43,item_2,2024-01-05,96,184.28
store_43,item_20,2024-01-05,108,235.84
store_43,item_21,2024-01-05,90,186.9
store_43,item_22,2024-01-05,46,76.85
store_43,item_23,2024-01-05,21,59.7
store_43,item_24,2024-01-05,93,191.26
store_43,item_25,2024-01-05,96,188.9
store_43,item_26,2024-01-05,97,184.02
store_43,item_27,2024-01-05,96,197.84
store_43,item_28,2024-01-05,41,62.89
store_43,item_29,2024-01-05,60,109.79
store_43,item_3,2024-01-05,97,227.04
store_43,item_30,2024-01-05,33,66.7
store_43,item_31,2024-01-05,121,229.72
store_43,item_32,2024-01-05,79,162.36
store_43,item_33,2024-01-05,51,102.31
store_43,item_34,2024-01-05,32,62.32
store_43,item_35,2024-01-05,57,98.75
store_43,item_36,2024-01-05,60,107.07
store_43,item_37,2024-01-05,95,176.46
store_43,item_38,2024-01-05,95,168.7
store_43,item_39,2024-01-05,115,211.19
store_43,item_4,2024-01-05,93,201.62
store_43,item_40,2024-01-05,54,116.08
store_43,item_41,2024-01-05,44,70.87
store_43,item_42,2024-01-05,91,174.47
store_43,item_43,2024-01-05,127,203.86
store_43,item_44,2024-01-05,83,156.17
store_43,item_45,2024-01-05,89,189.77
store_43,item_46,2024-01-05,86,130.09
store_43,item_47,2024-01-05,92,130.88
store_43,item_48,2024-01-05,66,112.52
store_43,item_49,2024-01-05,32,60.75
store_43,item_5,2024-01-05,86,144.6
store_43,item_50,2024-01-05,35,68.26
store_43,item_6,2024-01-05,98,223.32
store_43,item_7,2024-01-05,31,68.91
store_43,item_8,2024-01-05,42,79.33
store_43,item_9,2024-01-05,29,60.22
store_44,item_1,2024-01-05,142,269.32
store_44,item_10,2024-01-05,81,164.68
store_44,item_11,2024-01-05,87,169.54
store_44,item_12,2024-01-05,83,133.18
store_44,item_13,2024-01-05,131,268.06
store_44,item_14,2024-01-05,80,167.74
store_44,item_15,2024-01-05,90,140.15
store_44,item_16,2024-01-05,117,236.1
store_44,item_17,2024-01-05,54,98.42
store_44,item_18,2024-01-05,151,273.98
store_44,item_19,2024-01-05,55,91.06
store_44,item_2,2024-01-05,136,269.04
store_44,item_20,2024-01-05,173,276.05
store_44,item_21,2024-01-05,125,267.68
store_44,item_22,2024-01-05,66,108.17
store_44,item_23,2024-01-05,39,74.43
store_44,item_24,2024-01-05,158,275.27
store_44,item_25,2024-01-05,146,252.12
store_44,item_26,2024-01-05,124,265.61
store_44,item_27,2024-01-05,123,265.31
store_44,item_28,2024-01-05,47,83.21
store_44,item_29,2024-01-05,80,175.19
store_44,item_3,2024-01-05,167,275.36
store_44,item_30,2024-01-05,50,98.98
store_44,item_31,2024-01-05,134,269.04
store_44,item_32,2024-01-05,111,240.45
store_44,item_33,2024-01-05,90,162.76
store_44,item_34,2024-01-05,49,84.02
store_44,item_35,2024-01-05,81,145.48
store_44,item_36,2024-01-05,73,154.96
store_44,item_37,2024-01-05,126,253.2
store_44,item_38,2024-01-05,119,236.38
store_44,item_39,2024-01-05,141,268.26
store_44,item_4,2024-01-05,134,270.04
store_44,item_40,2024-01-05,93,192.1
store_44,item_41,2024-01-05,52,100.37
store_44,item_42,2024-01-05,129,250.34
store_44,item_43,2024-01-05,118,265.7
store_44,item_44,2024-01-05,102,228.69
store_44,item_45,2024-01-05,151,275.98
store_44,item_46,2024-01-05,129,208.26
store_44,item_47,2024-01-05,98,209.78
store_44,item_48,2024-01-05,85,182.62
store_44,item_49,2024-01-05,44,76.93
store_44,item_5,2024-01-05,125,248.13
store_44,item_50,2024-01-05,59,95.82
store_44,item_6,2024-01-05,153,270.79
store_44,item_7,2024-01-05,49,91.71
store_44,item_8,2024-01-05,66,111.46
store_44,item_9,2024-01-05,47,77.7
store_45,item_1,2024-01-05,143,257.39
store_45,item_10,2024-01-05,50,106.91
store_45,item_11,2024-01-05,64,120.15
store_45,item_12,2024-01-05,56,97.59
store_45,item_13,2024-01-05,105,225.35
store_45,item_14,2024-01-05,72,120.42
store_45,item_15,2024-01-05,60,97.25
store_45,item_16,2024-01-05,71,168.38
store_45,item_17,2024-01-05,47,81.83
store_45,item_18,2024-01-05,116,217.86
store_45,item_19,2024-01-05,32,68.72
store_45,item_2,2024-01-05,97,220.84
store_45,item_20,2024-01-05,119,253.61
store_45,item_21,2024-01-05,104,222.7
store_45,item_22,2024-01-05,43,85.13
store_45,item_23,2024-01-05,28,58.69
store_45,item_24,2024-01-05,100,235.54
store_45,item_25,2024-01-05,92,195.94
store_45,item_26,2024-01-05,96,200.08
store_45,item_27,2024-01-05,97,197.71
store_45,item_28,2024-01-05,45,70.41
store_45,item_29,2024-01-05,75,127.2
store_45,item_3,2024-01-05,109,244.03
store_45,item_30,2024-01-05,45,77.41
store_45,item_31,2024-01-05,108,225.16
store_45,item_32,2024-01-05,94,175.06
store_45,item_33,2024-01-05,58,105.86
store_45,item_34,2024-01-05,42,64.47
store_45,item_35,2024-01-05,73,120.28
store_45,item_36,2024-01-05,51,114.13
store_45,item_37,2024-01-05,103,210.4
store_45,item_38,2024-01-05,106,195.82
store_45,item_39,2024-01-05,114,225.66
store_45,item_4,2024-01-05,113,246.34
store_45,item_40,2024-01-05,76,154.9
store_45,item_41,2024-01-05,38,74.93
store_45,item_42,2024-01-05,100,190.57
store_45,item_43,2024-01-05,89,221.42
store_45,item_44,2024-01-05,93,182.55
store_45,item_45,2024-01-05,96,210.78
store_45,item_46,2024-01-05,90,153.4
store_45,item_47,2024-01-05,87,169.09
store_45,item_48,2024-01-05,84,146.87
store_45,item_49,2024-01-05,32,62.07
store_45,item_5,2024-01-05,88,180.03
store_45,item_50,2024-01-05,43,75.47
store_45,item_6,2024-01-05,140,251.97
store_45,item_7,2024-01-05,36,73.22
store_45,item_8,2024-01-05,54,91.22
store_45,item_9,2024-01-05,28,62.54
store_46,item_1,2024-01-05,145,269.43
store_46,item_10,2024-01-05,81,135.46
store_46,item_11,2024-01-05,82,163.55
store_46,item_12,2024-01-05,54,113.39
store_46,item_13,2024-01-05,129,256.34
store_46,item_14,2024-01-05,90,165.54
store_46,item_15,2024-01-05,73,127.24
store_46,item_16,2024-01-05,93,187.09
store_46,item_17,2024-01-05,54,94.92
store_46,item_18,2024-01-05,119,256.28
store_46,item_19,2024-01-05,43,76.51
store_46,item_2,2024-01-05,160,258.62
store_46,item_20,2024-01-05,143,267.86
store_46,item_21,2024-01-05,112,237.58
store_46,item_22,2024-01-05,69,107.41
store_46,item_23,2024-01-05,36,64.71
store_46,item_24,2024-01-05,115,248.6
store_46,item_25,2024-01-05,128,234.78
store_46,item_26,2024-01-05,116,241.92
store_46,item_27,2024-01-05,116,245.88
store_46,item_28,2024-01-05,49,77.79
store_46,item_29,2024-01-05,72,143.89
store_46,item_3,2024-01-05,132,269.29
store_46,item_30,2024-01-05,61,93.65
store_46,item_31,2024-01-05,120,269.34
store_46,item_32,2024-01-05,106,225.08
store_46,item_33,2024-01-05,78,132.09
store_46,item_34,2024-01-05,52,79.0
store_46,item_35,2024-01-05,68,120.51
store_46,item_36,2024-01-05,79,131.19
store_46,item_37,2024-01-05,129,248.45
store_46,item_38,2024-01-05,97,217.65
store_46,item_39,2024-01-05,122,268.56
store_46,item_4,2024-01-05,139,269.39
store_46,item_40,2024-01-05,82,181.76
store_46,item_41,2024-01-05,54,88.72
store_46,item_42,2024-01-05,111,243.54
store_46,item_43,2024-01-05,116,244.08
store_46,item_44,2024-01-05,88,190.42
store_46,item_45,2024-01-05,116,244.11
store_46,item_46,2024-01-05,86,184.35
store_46,item_47,2024-01-05,93,190.92
store_46,item_48,2024-01-05,79,170.55
store_46,item_49,2024-01-05,44,73.54
store_46,item_5,2024-01-05,102,207.82
store_46,item_50,2024-01-05,40,89.52
store_46,item_6,2024-01-05,151,275.32
store_46,item_7,2024-01-05,45,78.72
store_46,item_8,2024-01-05,49,102.44
store_46,item_9,2024-01-05,38,75.92
store_47,item_1,2024-01-05,121,257.73
store_47,item_10,2024-01-05,68,108.6
store_47,item_11,2024-01-05,69,119.43
store_47,item_12,2024-01-05,69,108.14
store_47,item_13,2024-01-05,106,223.85
store_47,item_14,2024-01-05,68,119.5
store_47,item_15,2024-01-05,62,103.75
store_47,item_16,2024-01-05,82,171.85
store_47,item_17,2024-01-05,44,78.45
store_47,item_18,2024-01-05,120,233.39
store_47,item_19,2024-01-05,49,68.66
store_47,item_2,2024-01-05,94,219.0
store_47,item_20,2024-01-05,134,272.16
store_47,item_21,2024-01-05,102,219.65
store_47,item_22,2024-01-05,54,95.11
store_47,item_23,2024-01-05,28,58.76
store_47,item_24,2024-01-05,108,225.77
store_47,item_25,2024-01-05,91,190.11
store_47,item_26,2024-01-05,105,210.34
store_47,item_27,2024-01-05,99,224.82
store_47,item_28,2024-01-05,35,71.33
store_47,item_29,2024-01-05,70,123.75
store_47,item_3,2024-01-05,119,246.49
store_47,item_30,2024-01-05,38,76.84
store_47,item_31,2024-01-05,106,250.14
store_47,item_32,2024-01-05,93,206.26
store_47,item_33,2024-01-05,56,105.91
store_47,item_34,2024-01-05,55,69.89
store_47,item_35,2024-01-05,57,108.41
store_47,item_36,2024-01-05,64,113.0
store_47,item_37,2024-01-05,102,199.81
store_47,item_38,2024-01-05,85,185.65
store_47,item_39,2024-01-05,110,244.58
store_47,item_4,2024-01-05,121,257.79
store_47,item_40,2024-01-05,81,155.38
store_47,item_41,2024-01-05,48,78.74
store_47,item_42,2024-01-05,97,192.21
store_47,item_43,2024-01-05,107,215.52
store_47,item_44,2024-01-05,93,185.74
store_47,item_45,2024-01-05,95,203.73
store_47,item_46,2024-01-05,100,168.65
store_47,item_47,2024-01-05,69,168.59
store_47,item_48,2024-01-05,91,129.07
store_47,item_49,2024-01-05,41,61.26
store_47,item_5,2024-01-05,84,180.54
store_47,item_50,2024-01-05,45,70.51
store_47,item_6,2024-01-05,109,254.95
store_47,item_7,2024-01-05,35,71.41
store_47,item_8,2024-01-05,59,92.91
store_47,item_9,2024-01-05,38,72.24
store_48,item_1,2024-01-05,122,269.7
store_48,item_10,2024-01-05,63,118.97
store_48,item_11,2024-01-05,88,129.29
store_48,item_12,2024-01-05,60,113.69
store_48,item_13,2024-01-05,111,243.54
store_48,item_14,2024-01-05,72,121.89
store_48,item_15,2024-01-05,64,107.84
store_48,item_16,2024-01-05,104,206.85
store_48,item_17,2024-01-05,50,87.14
store_48,item_18,2024-01-05,107,249.2
store_48,item_19,2024-01-05,39,76.77
store_48,item_2,2024-01-05,131,248.98
store_48,item_20,2024-01-05,134,269.06
store_48,item_21,2024-01-05,123,246.59
store_48,item_22,2024-01-05,57,97.59
store_48,item_23,2024-01-05,29,63.68
store_48,item_24,2024-01-05,113,248.66
store_48,item_25,2024-01-05,104,221.81
store_48,item_26,2024-01-05,106,225.95
store_48,item_27,2024-01-05,129,246.61
store_48,item_28,2024-01-05,41,74.82
store_48,item_29,2024-01-05,68,123.69
store_48,item_3,2024-01-05,128,267.41
store_48,item_30,2024-01-05,45,79.8
store_48,item_31,2024-01-05,122,254.28
store_48,item_32,2024-01-05,93,194.9
store_48,item_33,2024-01-05,66,120.52
store_48,item_34,2024-01-05,44,72.42
store_48,item_35,2024-01-05,76,121.99
store_48,item_36,2024-01-05,77,119.92
store_48,item_37,2024-01-05,110,223.6
store_48,item_38,2024-01-05,91,200.98
store_48,item_39,2024-01-05,124,265.44
store_48,item_4,2024-01-05,119,264.9
store_48,item_40,2024-01-05,76,173.87
store_48,item_41,2024-01-05,37,78.27
store_48,item_42,2024-01-05,107,241.3
store_48,item_43,2024-01-05,101,235.07
store_48,item_44,2024-01-05,95,188.19
store_48,item_45,2024-01-05,127,238.46
store_48,item_46,2024-01-05,96,183.22
store_48,item_47,2024-01-05,85,174.93
store_48,item_48,2024-01-05,86,177.36
store_48,item_49,2024-01-05,37,64.75
store_48,item_5,2024-01-05,94,191.99
store_48,item_50,2024-01-05,53,85.71
store_48,item_6,2024-01-05,120,265.36
store_48,item_7,2024-01-05,37,75.84
store_48,item_8,2024-01-05,53,98.77
store_48,item_9,2024-01-05,52,71.15
store_49,item_1,2024-01-05,133,270.44
store_49,item_10,2024-01-05,59,122.19
store_49,item_11,2024-01-05,72,156.33
store_49,item_12,2024-01-05,58,112.1
store_49,item_13,2024-01-05,135,261.24
store_49,item_14,2024-01-05,68,140.54
store_49,item_15,2024-01-05,80,116.08
store_49,item_16,2024-01-05,89,177.98
store_49,item_17,2024-01-05,65,92.68
store_49,item_18,2024-01-05,113,245.05
store_49,item_19,2024-01-05,38,78.44
store_49,item_2,2024-01-05,112,245.66
store_49,item_20,2024-01-05,138,267.55
store_49,item_21,2024-01-05,125,261.11
store_49,item_22,2024-01-05,56,101.88
store_49,item_23,2024-01-05,26,65.13
store_49,item_24,2024-01-05,112,244.38
store_49,item_25,2024-01-05,112,224.48
store_49,item_26,2024-01-05,125,238.03
store_49,item_27,2024-01-05,141,252.08
store_49,item_28,2024-01-05,38,75.96
store_49,item_29,2024-01-05,68,124.94
store_49,item_3,2024-01-05,150,275.4
store_49,item_30,2024-01-05,55,83.72
store_49,item_31,2024-01-05,121,266.42
store_49,item_32,2024-01-05,119,208.69
store_49,item_33,2024-01-05,69,119.32
store_49,item_34,2024-01-05,37,77.24
store_49,item_35,2024-01-05,82,128.62
store_49,item_36,2024-01-05,73,120.45
store_49,item_37,2024-01-05,126,238.31
store_49,item_38,2024-01-05,106,200.86
store_49,item_39,2024-01-05,144,272.46
store_49,item_4,2024-01-05,132,265.79
store_49,item_40,2024-01-05,96,181.93
store_49,item_41,2024-01-05,38,80.3
store_49,item_42,2024-01-05,116,238.79
store_49,item_43,2024-01-05,143,243.19
store_49,item_44,2024-01-05,92,195.1
store_49,item_45,2024-01-05,115,243.73
store_49,item_46,2024-01-05,83,170.21
store_49,item_47,2024-01-05,86,176.19
store_49,item_48,2024-01-05,76,168.94
store_49,item_49,2024-01-05,35,68.39
store_49,item_5,2024-01-05,96,190.86
store_49,item_50,2024-01-05,42,84.26
store_49,item_6,2024-01-05,115,267.8
store_49,item_7,2024-01-05,40,79.34
store_49,item_8,2024-01-05,67,106.17
store_49,item_9,2024-01-05,39,71.62
store_5,item_1,2024-01-05,149,258.74
store_5,item_10,2024-01-05,56,106.16
store_5,item_11,2024-01-05,64,115.74
store_5,item_12,2024-01-05,42,100.37
store_5,item_13,2024-01-05,117,234.3
store_5,item_14,2024-01-05,61,100.7
store_5,item_15,2024-01-05,57,98.79
store_5,item_16,2024-01-05,101,172.71
store_5,item_17,2024-01-05,33,74.27
store_5,item_18,2024-01-05,93,197.95
store_5,item_19,2024-01-05,43,64.34
store_5,item_2,2024-01-05,104,200.06
store_5,item_20,2024-01-05,114,245.05
store_5,item_21,2024-01-05,88,200.31
store_5,item_22,2024-01-05,39,82.01
store_5,item_23,2024-01-05,32,58.96
store_5,item_24,2024-01-05,109,198.26
store_5,item_25,2024-01-05,85,191.9
store_5,item_26,2024-01-05,105,207.17
store_5,item_27,2024-01-05,92,186.48
store_5,item_28,2024-01-05,28,69.72
store_5,item_29,2024-01-05,54,105.38
store_5,item_3,2024-01-05,110,226.51
store_5,item_30,2024-01-05,41,66.44
store_5,item_31,2024-01-05,102,222.32
store_5,item_32,2024-01-05,82,173.97
store_5,item_33,2024-01-05,55,105.4
store_5,item_34,2024-01-05,30,60.97
store_5,item_35,2024-01-05,72,105.54
store_5,item_36,2024-01-05,63,106.61
store_5,item_37,2024-01-05,88,188.94
store_5,item_38,2024-01-05,93,170.81
store_5,item_39,2024-01-05,107,237.73
store_5,item_4,2024-01-05,103,223.24
store_5,item_40,2024-01-05,71,140.58
store_5,item_41,2024-01-05,39,72.61
store_5,item_42,2024-01-05,93,186.35
store_5,item_43,2024-01-05,86,187.31
store_5,item_44,2024-01-05,100,170.25
store_5,item_45,2024-01-05,98,185.6
store_5,item_46,2024-01-05,68,148.61
store_5,item_47,2024-01-05,72,144.27
store_5,item_48,2024-01-05,73,128.6
store_5,item_49,2024-01-05,29,60.83
store_5,item_5,2024-01-05,77,172.3
store_5,item_50,2024-01-05,40,71.29
store_5,item_6,2024-01-05,116,246.9
store_5,item_7,2024-01-05,39,68.18
store_5,item_8,2024-01-05,60,86.96
store_5,item_9,2024-01-05,35,62.65
store_50,item_1,2024-01-05,117,243.93
store_50,item_10,2024-01-05,61,103.61
store_50,item_11,2024-01-05,69,116.16
store_50,item_12,2024-01-05,48,101.8
store_50,item_13,2024-01-05,107,217.81
store_50,item_14,2024-01-05,62,106.08
store_50,item_15,2024-01-05,55,103.46
store_50,item_16,2024-01-05,79,165.15
store_50,item_17,2024-01-05,40,76.61
store_50,item_18,2024-01-05,98,219.71
store_50,item_19,2024-01-05,35,64.67
store_50,item_2,2024-01-05,98,189.84
store_50,item_20,2024-01-05,110,250.57
store_50,item_21,2024-01-05,101,196.96
store_50,item_22,2024-01-05,51,84.59
store_50,item_23,2024-01-05,34,60.72
store_50,item_24,2024-01-05,95,212.67
store_50,item_25,2024-01-05,84,187.09
store_50,item_26,2024-01-05,106,187.0
store_50,item_27,2024-01-05,106,211.11
store_50,item_28,2024-01-05,34,65.96
store_50,item_29,2024-01-05,73,112.58
store_50,item_3,2024-01-05,118,236.34
store_50,item_30,2024-01-05,36,73.91
store_50,item_31,2024-01-05,101,220.21
store_50,item_32,2024-01-05,82,169.67
store_50,item_33,2024-01-05,48,114.97
store_50,item_34,2024-01-05,54,64.61
store_50,item_35,2024-01-05,61,106.11
store_50,item_36,2024-01-05,56,105.66
store_50,item_37,2024-01-05,90,185.91
store_50,item_38,2024-01-05,100,183.27
store_50,item_39,2024-01-05,113,225.92
store_50,item_4,2024-01-05,110,230.37
store_50,item_40,2024-01-05,73,125.61
store_50,item_41,2024-01-05,43,72.22
store_50,item_42,2024-01-05,108,207.64
store_50,item_43,2024-01-05,105,192.67
store_50,item_44,2024-01-05,74,167.3
store_50,item_45,2024-01-05,94,191.83
store_50,item_46,2024-01-05,72,153.14
store_50,item_47,2024-01-05,70,141.85
store_50,item_48,2024-01-05,71,121.58
store_50,item_49,2024-01-05,30,59.65
store_50,item_5,2024-01-05,74,171.39
store_50,item_50,2024-01-05,33,68.39
store_50,item_6,2024-01-05,127,243.0
store_50,item_7,2024-01-05,42,70.37
store_50,item_8,2024-01-05,62,83.47
store_50,item_9,2024-01-05,37,64.36
store_6,item_1,2024-01-05,134,252.66
store_6,item_10,2024-01-05,51,106.12
store_6,item_11,2024-01-05,67,122.98
store_6,item_12,2024-01-05,69,96.65
store_6,item_13,2024-01-05,108,220.23
store_6,item_14,2024-01-05,54,106.29
store_6,item_15,2024-01-05,51,99.33
store_6,item_16,2024-01-05,98,148.46
store_6,item_17,2024-01-05,48,76.12
store_6,item_18,2024-01-05,131,217.34
store_6,item_19,2024-01-05,40,66.15
store_6,item_2,2024-01-05,96,197.67
store_6,item_20,2024-01-05,116,241.52
store_6,item_21,2024-01-05,94,191.43
store_6,item_22,2024-01-05,44,80.69
store_6,item_23,2024-01-05,26,59.77
store_6,item_24,2024-01-05,100,205.89
store_6,item_25,2024-01-05,96,190.66
store_6,item_26,2024-01-05,107,206.74
store_6,item_27,2024-01-05,91,193.49
store_6,item_28,2024-01-05,27,70.72
store_6,item_29,2024-01-05,75,121.89
store_6,item_3,2024-01-05,126,247.68
store_6,item_30,2024-01-05,29,70.43
store_6,item_31,2024-01-05,105,222.08
store_6,item_32,2024-01-05,89,183.7
store_6,item_33,2024-01-05,66,122.74
store_6,item_34,2024-01-05,30,64.82
store_6,item_35,2024-01-05,58,99.71
store_6,item_36,2024-01-05,75,105.94
store_6,item_37,2024-01-05,105,206.84
store_6,item_38,2024-01-05,100,183.44
store_6,item_39,2024-01-05,100,225.27
store_6,item_4,2024-01-05,98,225.16
store_6,item_40,2024-01-05,55,125.28
store_6,item_41,2024-01-05,42,75.78
store_6,item_42,2024-01-05,91,185.67
store_6,item_43,2024-01-05,92,200.68
store_6,item_44,2024-01-05,70,166.25
store_6,item_45,2024-01-05,111,207.6
store_6,item_46,2024-01-05,75,120.02
store_6,item_47,2024-01-05,71,164.91
store_6,item_48,2024-01-05,78,135.73
store_6,item_49,2024-01-05,29,61.52
store_6,item_5,2024-01-05,81,170.97
store_6,item_50,2024-01-05,34,67.72
store_6,item_6,2024-01-05,104,230.44
store_6,item_7,2024-01-05,29,67.0
store_6,item_8,2024-01-05,41,81.32
store_6,item_9,2024-01-05,22,64.02
store_7,item_1,2024-01-05,123,238.07
store_7,item_10,2024-01-05,62,101.77
store_7,item_11,2024-01-05,69,111.66
store_7,item_12,2024-01-05,53,95.69
store_7,item_13,2024-01-05,98,186.61
store_7,item_14,2024-01-05,56,103.74
store_7,item_15,2024-01-05,61,102.98
store_7,item_16,2024-01-05,74,132.65
store_7,item_17,2024-01-05,39,69.07
store_7,item_18,2024-01-05,97,193.74
store_7,item_19,2024-01-05,38,63.88
store_7,item_2,2024-01-05,114,205.47
store_7,item_20,2024-01-05,104,236.32
store_7,item_21,2024-01-05,106,189.77
store_7,item_22,2024-01-05,45,79.42
store_7,item_23,2024-01-05,27,60.16
store_7,item_24,2024-01-05,90,188.7
store_7,item_25,2024-01-05,85,183.59
store_7,item_26,2024-01-05,94,181.15
store_7,item_27,2024-01-05,120,207.05
store_7,item_28,2024-01-05,32,65.37
store_7,item_29,2024-01-05,64,108.99
store_7,item_3,2024-01-05,118,223.82
store_7,item_30,2024-01-05,31,69.07
store_7,item_31,2024-01-05,100,198.78
store_7,item_32,2024-01-05,87,181.53
store_7,item_33,2024-01-05,53,99.43
store_7,item_34,2024-01-05,18,64.12
store_7,item_35,2024-01-05,51,99.9
store_7,item_36,2024-01-05,75,106.08
store_7,item_37,2024-01-05,103,204.82
store_7,item_38,2024-01-05,78,175.13
store_7,item_39,2024-01-05,114,230.45
store_7,item_4,2024-01-05,110,200.72
store_7,item_40,2024-01-05,87,129.48
store_7,item_41,2024-01-05,42,71.86
store_7,item_42,2024-01-05,80,174.02
store_7,item_43,2024-01-05,98,205.45
store_7,item_44,2024-01-05,83,135.62
store_7,item_45,2024-01-05,87,186.33
store_7,item_46,2024-01-05,79,122.66
store_7,item_47,2024-01-05,75,132.25
store_7,item_48,2024-01-05,60,119.58
store_7,item_49,2024-01-05,28,59.66
store_7,item_5,2024-01-05,81,160.68
store_7,item_50,2024-01-05,33,69.4
store_7,item_6,2024-01-05,104,219.12
store_7,item_7,2024-01-05,35,66.7
store_7,item_8,2024-01-05,43,75.84
store_7,item_9,2024-01-05,31,60.1
store_8,item_1,2024-01-05,152,270.31
store_8,item_10,2024-01-05,84,174.74
store_8,item_11,2024-01-05,82,172.87
store_8,item_12,2024-01-05,73,119.8
store_8,item_13,2024-01-05,135,268.18
store_8,item_14,2024-01-05,70,168.64
store_8,item_15,2024-01-05,73,130.39
store_8,item_16,2024-01-05,138,206.73
store_8,item_17,2024-01-05,49,97.04
store_8,item_18,2024-01-05,122,269.5
store_8,item_19,2024-01-05,53,89.52
store_8,item_2,2024-01-05,110,264.12
store_8,item_20,2024-01-05,153,268.98
store_8,item_21,2024-01-05,129,268.57
store_8,item_22,2024-01-05,61,106.31
store_8,item_23,2024-01-05,49,74.24
store_8,item_24,2024-01-05,135,269.15
store_8,item_25,2024-01-05,122,253.58
store_8,item_26,2024-01-05,118,265.43
store_8,item_27,2024-01-05,126,267.61
store_8,item_28,2024-01-05,47,81.01
store_8,item_29,2024-01-05,90,184.4
store_8,item_3,2024-01-05,167,277.38
store_8,item_30,2024-01-05,58,96.15
store_8,item_31,2024-01-05,133,267.45
store_8,item_32,2024-01-05,121,249.68
store_8,item_33,2024-01-05,82,170.82
store_8,item_34,2024-01-05,54,87.62
store_8,item_35,2024-01-05,79,155.72
store_8,item_36,2024-01-05,68,162.8
store_8,item_37,2024-01-05,116,265.15
store_8,item_38,2024-01-05,108,234.94
store_8,item_39,2024-01-05,161,275.6
store_8,item_4,2024-01-05,160,275.45
store_8,item_40,2024-01-05,91,186.62
store_8,item_41,2024-01-05,45,98.58
store_8,item_42,2024-01-05,122,248.6
store_8,item_43,2024-01-05,119,265.94
store_8,item_44,2024-01-05,100,202.47
store_8,item_45,2024-01-05,138,266.38
store_8,item_46,2024-01-05,107,209.66
store_8,item_47,2024-01-05,101,209.0
store_8,item_48,2024-01-05,81,181.39
store_8,item_49,2024-01-05,41,78.71
store_8,item_5,2024-01-05,100,223.25
store_8,item_50,2024-01-05,60,100.99
store_8,item_6,2024-01-05,176,275.81
store_8,item_7,2024-01-05,50,91.89
store_8,item_8,2024-01-05,65,104.39
store_8,item_9,2024-01-05,45,79.82
store_9,item_1,2024-01-05,123,270.33
store_9,item_10,2024-01-05,74,119.53
store_9,item_11,2024-01-05,78,155.24
store_9,item_12,2024-01-05,54,117.11
store_9,item_13,2024-01-05,134,261.77
store_9,item_14,2024-01-05,78,163.58
store_9,item_15,2024-01-05,66,114.43
store_9,item_16,2024-01-05,99,206.69
store_9,item_17,2024-01-05,46,93.06
store_9,item_18,2024-01-05,117,246.03
store_9,item_19,2024-01-05,48,76.31
store_9,item_2,2024-01-05,116,263.39
store_9,item_20,2024-01-05,130,268.43
store_9,item_21,2024-01-05,128,252.53
store_9,item_22,2024-01-05,57,99.43
store_9,item_23,2024-01-05,35,65.17
store_9,item_24,2024-01-05,114,253.05
store_9,item_25,2024-01-05,144,238.62
store_9,item_26,2024-01-05,113,235.94
store_9,item_27,2024-01-05,136,245.83
store_9,item_28,2024-01-05,47,77.24
store_9,item_29,2024-01-05,89,168.94
store_9,item_3,2024-01-05,136,269.94
store_9,item_30,2024-01-05,48,83.41
store_9,item_31,2024-01-05,126,264.57
store_9,item_32,2024-01-05,97,221.78
store_9,item_33,2024-01-05,83,144.26
store_9,item_34,2024-01-05,48,84.98
store_9,item_35,2024-01-05,66,119.97
store_9,item_36,2024-01-05,62,121.68
store_9,item_37,2024-01-05,105,242.67
store_9,item_38,2024-01-05,115,230.08
store_9,item_39,2024-01-05,122,265.85
store_9,item_4,2024-01-05,139,265.05
store_9,item_40,2024-01-05,108,185.28
store_9,item_41,2024-01-05,45,89.15
store_9,item_42,2024-01-05,128,247.7
store_9,item_43,2024-01-05,108,245.06
store_9,item_44,2024-01-05,88,190.09
store_9,item_45,2024-01-05,117,251.49
store_9,item_46,2024-01-05,86,182.47
store_9,item_47,2024-01-05,78,184.0
store_9,item_48,2024-01-05,82,163.38
store_9,item_49,2024-01-05,42,71.9
store_9,item_5,2024-01-05,101,200.76
store_9,item_50,2024-01-05,48,83.78
store_9,item_6,2024-01-05,129,268.39
store_9,item_7,2024-01-05,49,89.65
store_9,item_8,2024-01-05,50,99.57
store_9,item_9,2024-01-05,48,72.28
